TEXT_ID,SENTENCE_ID,ANNOTATION_ID,TOKENS,SENT_TOKEN_START,SENT_TOKEN_END,DOC_TOKEN_START,DOC_TOKEN_END,TYPE,CORRECTION,COMMENT
S001.txt,1,,Wednesday,18,18,,,NAME,,
S001.txt,2,,double - digit favorite,14,17,,,NOT_CHECKABLE,,
S001.txt,2,,30,35,35,,,NUMBER,,
S001.txt,3,,six,16,16,,,NUMBER,,
S001.txt,4,,right behind him,4,6,,,WORD,,
S001.txt,5,,12,11,11,,,NUMBER,,
S001.txt,5,,double - double,14,16,,,WORD,,
S001.txt,5,,a,26,26,,,NUMBER,,
S001.txt,9,,led,3,3,,,WORD,,
S001.txt,9,,10,8,8,,,NUMBER,,
S001.txt,9,,pair,18,18,,,NUMBER,,
S001.txt,10,,home,5,5,,,WORD,,
S001.txt,10,,Detroit Pistons,11,12,,,NAME,,
S001.txt,10,,Friday,14,14,,,NAME,,
S001.txt,10,,Toronto Raptors,25,26,,,NAME,,
S001.txt,10,,Wednesday night,29,30,,,NAME,,
S002.txt,1,,Atlanta Hawks,6,7,,,NAME,,
S002.txt,1,,110,11,11,,,NUMBER,,
S002.txt,1,,Saturday,18,18,,,NAME,,
S002.txt,2,,struggling teams,6,7,,,WORD,,
S002.txt,2,,huge,17,17,,,WORD,,
S002.txt,3,,Hawks,8,8,,,NAME,,
S002.txt,3,,37,10,10,,,NUMBER,,
S002.txt,3,,20,12,12,,,NUMBER,,
S002.txt,4,,21,17,17,,,NUMBER,,
S002.txt,4,,19,27,27,,,NUMBER,,
S002.txt,5,,last five games,14,16,,,NOT_CHECKABLE,,
S002.txt,5,,struggle,22,22,,,WORD,,
S002.txt,6,,Dwight Howard,1,2,,,NAME,,
S002.txt,6,,17,13,13,,,NUMBER,,
S002.txt,8,,only other starter,5,7,,,WORD,,
S002.txt,8,,double figures,9,10,,,WORD,,
S002.txt,8,,totaling,12,12,,,WORD,,
S002.txt,9,,bounce back,5,6,,,WORD,,
S002.txt,9,,Sunday,8,8,,,NAME,,
S002.txt,9,,Toronto Raptors,15,16,,,NAME,,
S002.txt,10,,last five games,14,16,,,NOT_CHECKABLE,,
S002.txt,10,,struggle,22,22,,,WORD,,
S002.txt,11,,led,12,12,,,WORD,,
S002.txt,12,,second,4,4,,,WORD,,
S002.txt,12,,four,15,15,,,NUMBER,,
S002.txt,13,,11,13,13,,,NUMBER,,
S002.txt,14,,bench,9,9,,,WORD,,
S002.txt,14,,25,12,12,,,NUMBER,,
S002.txt,14,,four,18,18,,,NUMBER,,
S002.txt,15,,Sunday,8,8,,,NAME,,
S002.txt,15,,home,11,11,,,WORD,,
S002.txt,15,,Orlando Magic,15,16,,,NAME,,
S003.txt,1,,Saturday,17,17,,,NAME,,
S003.txt,2,,hottest teams,13,14,,,NOT_CHECKABLE,,
S003.txt,2,,Friday,32,32,,,NAME,,
S003.txt,4,,a,28,28,,,NUMBER,,
S003.txt,5,,block,24,24,,,WORD,,
S003.txt,5,,block,27,27,,,WORD,,
S003.txt,6,,block,22,22,,,WORD,,
S003.txt,6,,block,25,25,,,WORD,,
S003.txt,8,,third,4,4,,,NOT_CHECKABLE,,
S003.txt,8,,seventh,20,20,,,NOT_CHECKABLE,,
S003.txt,9,,head,2,2,,,WORD,,
S003.txt,9,,Charlotte,4,4,,,NAME,,
S003.txt,9,,Hornets,9,9,,,NAME,,
S003.txt,9,,Friday,11,11,,,NAME,,
S003.txt,10,,spearheaded,5,5,,,WORD,,
S003.txt,10,,a,21,21,,,NUMBER,,
S003.txt,11,,10,7,7,,,NUMBER,,
S003.txt,11,,12,11,11,,,NUMBER,,
S003.txt,11,,double - double,14,16,,,WORD,,
S003.txt,11,,an,20,20,,,NUMBER,,
S003.txt,11,,a,23,23,,,NUMBER,,
S003.txt,11,,a,26,26,,,NUMBER,,
S003.txt,12,,two,9,9,,,NUMBER,,
S003.txt,12,,a,15,15,,,NUMBER,,
S003.txt,13,,10,7,7,,,NUMBER,,
S003.txt,13,,12,11,11,,,NUMBER,,
S003.txt,13,,double - double,14,16,,,WORD,,
S003.txt,13,,an,20,20,,,NUMBER,,
S003.txt,13,,a,23,23,,,NUMBER,,
S003.txt,13,,a,26,26,,,NUMBER,,
S003.txt,14,,productive,4,4,,,WORD,,
S003.txt,14,,reserve role,7,8,,,WORD,,
S003.txt,14,,11,12,12,,,NUMBER,,
S003.txt,15,,last place,5,6,,,NOT_CHECKABLE,,
S003.txt,16,,again,4,4,,,WORD,,
S003.txt,16,,Friday,6,6,,,NAME,,
S003.txt,16,,Orlando Magic,12,13,,,NAME,,
S004.txt,2,,best teams,13,14,,,WORD,,
S004.txt,2,,prevail,26,26,,,WORD,,
S004.txt,3,,16,20,20,,,NUMBER,,
S004.txt,4,,24,20,20,,,NUMBER,,
S004.txt,5,,winning,12,12,,,WORD,,
S004.txt,5,,24,18,18,,,NUMBER,,
S004.txt,7,,led,3,3,,,WORD,,
S004.txt,7,,17,12,12,,,NUMBER,,
S004.txt,8,,only,5,5,,,WORD,,
S004.txt,9,,led,3,3,,,WORD,,
S004.txt,9,,17,12,12,,,NUMBER,,
S004.txt,10,,only,5,5,,,WORD,,
S004.txt,11,,home,8,8,,,WORD,,
S004.txt,11,,Portland Trail Blazers,12,14,,,NAME,,
S004.txt,12,,four,11,11,,,NOT_CHECKABLE,,
S004.txt,12,,struggle,22,22,,,WORD,,
S004.txt,14,,second,4,4,,,WORD,,
S004.txt,17,,bounce back,6,7,,,WORD,,
S004.txt,17,,home,12,12,,,WORD,,
S004.txt,17,,Portland Trail Blazers,16,18,,,NAME,,
S005.txt,1,,35,8,8,,,NUMBER,,
S005.txt,1,,26,16,16,,,NUMBER,,
S005.txt,2,,one,27,27,,,NUMBER,,
S005.txt,3,,him,5,5,,,CONTEXT,,
S005.txt,3,,one,16,16,,,NUMBER,,
S005.txt,4,,one,24,24,,,NUMBER,,
S005.txt,5,,led the bench,3,5,,,WORD,,
S005.txt,5,,27,7,7,,,NUMBER,,
S005.txt,6,,second unit,5,6,,,WORD,,
S005.txt,6,,27,8,8,,,NUMBER,,
S005.txt,7,,Orlando,7,7,,,NAME,,
S005.txt,7,,one,18,18,,,NUMBER,,
S005.txt,7,,one,21,21,,,NUMBER,,
S005.txt,8,,one,24,24,,,NUMBER,,
S005.txt,9,,second unit,5,6,,,WORD,,
S005.txt,9,,12,8,8,,,NUMBER,,
S005.txt,9,,one,20,20,,,NUMBER,,
S005.txt,10,,home,5,5,,,WORD,,
S005.txt,10,,New York Knicks,11,13,,,NAME,,
S005.txt,10,,Monday,15,15,,,NAME,,
S005.txt,10,,Toronto Raptors,26,27,,,NAME,,
S006.txt,1,,defeated,9,9,,,WORD,,
S006.txt,1,,Friday,22,22,,,NAME,,
S006.txt,2,,came,3,3,,,NOT_CHECKABLE,,
S006.txt,2,,game,6,6,,,NOT_CHECKABLE,,
S006.txt,2,,digit favorite,11,12,,,NOT_CHECKABLE,,
S006.txt,2,,disappoint,17,17,,,NOT_CHECKABLE,,
S006.txt,3,,led,3,3,,,WORD,,
S006.txt,3,,tallied,9,9,,,WORD,,
S006.txt,4,,starter,7,7,,,WORD,,
S006.txt,4,,double figures,9,10,,,WORD,,
S006.txt,4,,tallied,14,14,,,WORD,,
S006.txt,4,,defeat,25,25,,,WORD,,
S006.txt,5,,look,4,4,,,WORD,,
S006.txt,5,,bounce,6,6,,,WORD,,
S006.txt,5,,back,8,8,,,WORD,,
S006.txt,5,,Orlando Magic,11,12,,,NAME,,
S006.txt,5,,game,18,18,,,WORD,,
S006.txt,6,,played,3,3,,,WORD,,
S006.txt,6,,game,5,5,,,WORD,,
S006.txt,6,,offense,16,16,,,WORD,,
S006.txt,6,,keep,18,18,,,WORD,,
S006.txt,8,,starter,7,7,,,WORD,,
S006.txt,8,,double figures,9,10,,,WORD,,
S006.txt,9,,look,4,4,,,WORD,,
S006.txt,9,,keep,6,6,,,WORD,,
S006.txt,9,,going,9,9,,,WORD,,
S006.txt,9,,Atlanta Hawks,12,13,,,NAME,,
S006.txt,9,,Friday,15,15,,,NAME,,
S007.txt,1,,continue,21,21,,,WORD,,
S007.txt,1,,play,23,23,,,WORD,,
S007.txt,1,,Sleep Train Arena,26,28,,,NAME,,
S007.txt,2,,36,4,4,,,NUMBER,,
S007.txt,2,,11,7,7,,,NUMBER,,
S007.txt,2,,11,19,19,,,NUMBER,,
S007.txt,2,,21,23,23,,,NUMBER,,
S007.txt,2,,36,29,29,,,NUMBER,,
S007.txt,2,,11,32,32,,,NUMBER,,
S007.txt,2,,21,36,36,,,NUMBER,,
S007.txt,2,,11,43,43,,,NUMBER,,
S007.txt,2,,36,56,56,,,NUMBER,,
S007.txt,3,,player,8,8,,,WORD,,
S007.txt,3,,score,10,10,,,WORD,,
S007.txt,3,,double digits,12,13,,,WORD,,
S007.txt,3,,bench,34,34,,,WORD,,
S007.txt,6,,21,25,25,,,NUMBER,,
S007.txt,6,,27,35,35,,,NUMBER,,
S008.txt,1,,Saturday,19,19,,,NAME,,
S008.txt,2,,checked,8,8,,,NOT_CHECKABLE,,
S008.txt,2,,Saturday,11,11,,,NAME,,
S008.txt,2,,contest,13,13,,,NOT_CHECKABLE,,
S008.txt,2,,road wins,17,18,,,WORD,,
S008.txt,2,,season,23,23,,,NOT_CHECKABLE,,
S008.txt,2,,came,33,33,,,NOT_CHECKABLE,,
S008.txt,2,,Tuesday,36,36,,,NAME,,
S008.txt,2,,contest,38,38,,,NOT_CHECKABLE,,
S008.txt,2,,point,43,43,,,WORD,,
S008.txt,2,,quarter,45,45,,,WORD,,
S008.txt,2,,able,56,56,,,WORD,,
S008.txt,2,,pull away,58,59,,,WORD,,
S008.txt,2,,half,63,63,,,WORD,,
S008.txt,7,,lost,10,10,,,NOT_CHECKABLE,,
S008.txt,7,,last,14,14,,,NOT_CHECKABLE,,
S008.txt,7,,games,16,16,,,NOT_CHECKABLE,,
S008.txt,7,,continue,20,20,,,NOT_CHECKABLE,,
S008.txt,7,,battle,22,22,,,NOT_CHECKABLE,,
S008.txt,7,,top seed,25,26,,,NOT_CHECKABLE,,
S008.txt,7,,West,29,29,,,NAME,,
S008.txt,9,,9,17,17,,,NUMBER,,
S008.txt,9,,17,21,21,,,NUMBER,,
S008.txt,11,,look,4,4,,,WORD,,
S008.txt,11,,bounce back,6,7,,,WORD,,
S008.txt,11,,play host,10,11,,,WORD,,
S008.txt,11,,Trail Blazers,14,15,,,NAME,,
S009.txt,2,,battle,3,3,,,NOT_CHECKABLE,,
S009.txt,2,,struggling teams,6,7,,,WORD,,
S009.txt,2,,able,12,12,,,WORD,,
S009.txt,2,,prevail,14,14,,,WORD,,
S009.txt,2,,huge road win,17,19,,,NOT_CHECKABLE,,
S009.txt,3,,fact,2,2,,,WORD,,
S009.txt,3,,led,6,6,,,WORD,,
S009.txt,3,,majority,9,9,,,WORD,,
S009.txt,3,,game,12,12,,,WORD,,
S009.txt,3,,led,16,16,,,WORD,,
S009.txt,3,,double,18,18,,,WORD,,
S009.txt,3,,digits,20,20,,,WORD,,
S009.txt,3,,entirety,23,23,,,WORD,,
S009.txt,3,,half,27,27,,,WORD,,
S009.txt,4,,Rebounding,1,1,,,NAME,,
S009.txt,5,,last,14,14,,,NOT_CHECKABLE,,
S009.txt,5,,games,16,16,,,NOT_CHECKABLE,,
S009.txt,5,,continue,20,20,,,WORD,,
S009.txt,5,,struggle,22,22,,,WORD,,
S009.txt,6,,41,13,13,,,NUMBER,,
S009.txt,6,,11,22,22,,,NUMBER,,
S009.txt,6,,20,26,26,,,NUMBER,,
S009.txt,7,,26,12,12,,,NUMBER,,
S009.txt,8,,starter,7,7,,,WORD,,
S009.txt,8,,double figures,9,10,,,WORD,,
S009.txt,8,,accrued,14,14,,,WORD,,
S009.txt,9,,deck,2,2,,,WORD,,
S009.txt,9,,road matchup,8,9,,,WORD,,
S009.txt,9,,New Orleans Pelicans,12,14,,,NAME,,
S009.txt,9,,Sunday,16,16,,,NAME,,
S009.txt,10,,22,3,3,,,NUMBER,,
S009.txt,10,,30,5,5,,,NUMBER,,
S009.txt,10,,lost,9,9,,,NOT_CHECKABLE,,
S009.txt,10,,last,13,13,,,NOT_CHECKABLE,,
S009.txt,10,,games,15,15,,,NOT_CHECKABLE,,
S009.txt,10,,continue,19,19,,,WORD,,
S009.txt,10,,struggle,21,21,,,WORD,,
S009.txt,13,,starter,7,7,,,WORD,,
S009.txt,13,,double figures,9,10,,,WORD,,
S009.txt,13,,accrued 18,14,15,,,NUMBER,,
S009.txt,14,,look,3,3,,,WORD,,
S009.txt,14,,build,5,5,,,WORD,,
S009.txt,14,,win,8,8,,,NOT_CHECKABLE,,
S009.txt,14,,road matchup,13,14,,,WORD,,
S009.txt,14,,Orlando Magic,17,18,,,NAME,,
S010.txt,3,,11,6,6,,,NUMBER,,
S010.txt,3,,11,9,9,,,NUMBER,,
S010.txt,3,,11,22,22,,,NUMBER,,
S010.txt,4,,Defense,1,1,,,NAME,,
S010.txt,4,,43,12,12,,,NUMBER,,
S010.txt,4,,53,18,18,,,NUMBER,,
S010.txt,5,,Rebounding,1,1,,,NAME,,
S010.txt,6,,lost,10,10,,,NOT_CHECKABLE,,
S010.txt,6,,last,14,14,,,NOT_CHECKABLE,,
S010.txt,6,,games,16,16,,,NOT_CHECKABLE,,
S010.txt,6,,continue,20,20,,,WORD,,
S010.txt,6,,struggle,22,22,,,WORD,,
S010.txt,8,,recorded,3,3,,,WORD,,
S010.txt,8,,double,5,5,,,WORD,,
S010.txt,8,,double,7,7,,,WORD,,
S010.txt,8,,totaling,9,9,,,WORD,,
S010.txt,9,,starter,7,7,,,WORD,,
S010.txt,9,,double figures,9,10,,,WORD,,
S010.txt,9,,totaled,14,14,,,WORD,,
S010.txt,10,,deck,2,2,,,WORD,,
S010.txt,10,,home matchup,7,8,,,WORD,,
S010.txt,10,,Saturday,15,15,,,NAME,,
S010.txt,14,,recorded,3,3,,,WORD,,
S010.txt,14,,double,5,5,,,WORD,,
S010.txt,14,,double,7,7,,,WORD,,
S010.txt,14,,totaling,9,9,,,WORD,,
S010.txt,15,,player,8,8,,,WORD,,
S010.txt,15,,double figures,10,11,,,WORD,,
S010.txt,15,,rebound,20,20,,,WORD,,
S010.txt,16,,look,3,3,,,WORD,,
S010.txt,16,,keep,5,5,,,WORD,,
S010.txt,16,,home matchup,11,12,,,WORD,,
S010.txt,16,,Toronto Raptors,15,16,,,NAME,,
S011.txt,1,,Tuesday,22,22,,,NAME,,
S011.txt,3,,able,4,4,,,WORD,,
S011.txt,3,,score,8,8,,,WORD,,
S011.txt,3,,quarter,17,17,,,WORD,,
S011.txt,3,,able,23,23,,,WORD,,
S011.txt,3,,coast,25,25,,,WORD,,
S011.txt,3,,victory,28,28,,,WORD,,
S011.txt,3,,front,30,30,,,WORD,,
S011.txt,3,,home crowd,33,34,,,WORD,,
S011.txt,7,,9,3,3,,,NUMBER,,
S011.txt,7,,15,7,7,,,NUMBER,,
S011.txt,7,,3,12,12,,,NUMBER,,
S011.txt,7,,5,16,16,,,NUMBER,,
S011.txt,7,,24,31,31,,,NUMBER,,
S011.txt,8,,double,5,5,,,WORD,,
S011.txt,8,,double,7,7,,,WORD,,
S011.txt,8,,row,10,10,,,WORD,,
S011.txt,8,,combined,15,15,,,WORD,,
S011.txt,8,,54,17,17,,,NUMBER,,
S011.txt,8,,14,20,20,,,NUMBER,,
S011.txt,8,,last,24,24,,,NOT_CHECKABLE,,
S011.txt,8,,games,26,26,,,NOT_CHECKABLE,,
S011.txt,9,,Notching,1,1,,,NAME,,
S011.txt,10,,double,5,5,,,WORD,,
S011.txt,10,,double,7,7,,,WORD,,
S011.txt,10,,row,10,10,,,WORD,,
S011.txt,10,,stretch,13,13,,,WORD,,
S011.txt,10,,averaging 21,17,18,,,NUMBER,,
S011.txt,10,,12,21,21,,,NUMBER,,
S011.txt,11,,Notching,1,1,,,NAME,,
S011.txt,12,,averaging 16,4,5,,,NUMBER,,
S011.txt,12,,6,8,8,,,NUMBER,,
S011.txt,12,,year,12,12,,,NOT_CHECKABLE,,
S011.txt,13,,reach double figures,6,8,,,WORD,,
S011.txt,13,,team,38,38,,,WORD,,
S011.txt,13,,high,40,40,,,WORD,,
S011.txt,14,,game,5,5,,,WORD,,
S011.txt,14,,home,9,9,,,WORD,,
S011.txt,14,,New Orleans Pelicans,12,14,,,NAME,,
S011.txt,14,,home,24,24,,,WORD,,
S011.txt,14,,Cleveland Cavaliers,27,28,,,NAME,,
S012.txt,1,,defeated,4,4,,,WORD,,
S012.txt,1,,Friday evening,19,20,,,WORD,,
S012.txt,2,,came,8,8,,,NOT_CHECKABLE,,
S012.txt,2,,game,11,11,,,NOT_CHECKABLE,,
S012.txt,2,,win,26,26,,,NOT_CHECKABLE,,
S012.txt,3,,Six,1,1,,,NAME,,
S012.txt,7,,15,4,4,,,NUMBER,,
S012.txt,10,,Next,1,1,,,NAME,,
S012.txt,10,,host,6,6,,,WORD,,
S012.txt,10,,Friday,11,11,,,NAME,,
S012.txt,10,,game,15,15,,,WORD,,
S013.txt,1,,Wednesday,22,22,,,NAME,,
S013.txt,2,,31,15,15,,,NUMBER,,
S013.txt,6,,7,22,22,,,NUMBER,,
S013.txt,6,,21,32,32,,,NUMBER,,
S013.txt,7,,chipped,3,3,,,CONTEXT,,
S013.txt,7,,points,6,6,,,CONTEXT,,
S013.txt,7,,along,24,24,,,CONTEXT,,
S013.txt,7,,rebounds,27,27,,,CONTEXT,,
S013.txt,7,,assists,30,30,,,CONTEXT,,
S013.txt,7,,steal,33,33,,,CONTEXT,,
S013.txt,7,,29 minutes,36,37,,,CONTEXT,,
S013.txt,8,,21,29,29,,,NUMBER,,
S013.txt,9,,look,4,4,,,WORD,,
S013.txt,9,,get back,6,7,,,WORD,,
S013.txt,9,,track,9,9,,,WORD,,
S013.txt,9,,play host,12,13,,,WORD,,
S014.txt,1,,7,6,6,,,NUMBER,,
S014.txt,1,,10,8,8,,,NUMBER,,
S014.txt,1,,108,20,20,,,NUMBER,,
S014.txt,1,,Friday,24,24,,,NAME,,
S014.txt,2,,34,19,19,,,NUMBER,,
S014.txt,3,,49,13,13,,,NUMBER,,
S014.txt,3,,40,19,19,,,NUMBER,,
S014.txt,5,,9,3,3,,,NUMBER,,
S014.txt,5,,19,7,7,,,NUMBER,,
S014.txt,5,,5,12,12,,,NUMBER,,
S014.txt,5,,11,16,16,,,NUMBER,,
S014.txt,5,,29,30,30,,,NUMBER,,
S014.txt,6,,37,5,5,,,NUMBER,,
S014.txt,7,,12,7,7,,,NUMBER,,
S014.txt,7,,20,11,11,,,NUMBER,,
S014.txt,7,,4,16,16,,,NUMBER,,
S014.txt,7,,7,20,20,,,NUMBER,,
S014.txt,7,,28,29,29,,,NUMBER,,
S014.txt,8,,56,16,16,,,NUMBER,,
S014.txt,8,,22,19,19,,,NUMBER,,
S014.txt,9,,player,4,4,,,WORD,,
S014.txt,9,,reach double figures,6,8,,,WORD,,
S014.txt,9,,bench,19,19,,,WORD,,
S014.txt,10,,far,3,3,,,WORD,,
S014.txt,10,,away,7,7,,,WORD,,
S014.txt,10,,best game,9,10,,,WORD,,
S014.txt,10,,year,13,13,,,NOT_CHECKABLE,,
S014.txt,10,,far,15,15,,,WORD,,
S014.txt,10,,new season,21,22,,,NOT_CHECKABLE,,
S014.txt,10,,high,24,24,,,WORD,,
S014.txt,11,,player,4,4,,,WORD,,
S014.txt,11,,reach double figures,6,8,,,WORD,,
S014.txt,12,,time,5,5,,,NOT_CHECKABLE,,
S014.txt,12,,surpassed,8,8,,,WORD,,
S014.txt,12,,20,10,10,,,NUMBER,,
S014.txt,12,,point mark,12,13,,,WORD,,
S014.txt,12,,season,15,15,,,NOT_CHECKABLE,,
S014.txt,12,,good,20,20,,,WORD,,
S014.txt,12,,see,22,22,,,WORD,,
S014.txt,12,,get back,24,25,,,WORD,,
S014.txt,12,,track,27,27,,,WORD,,
S014.txt,15,,game,6,6,,,WORD,,
S014.txt,15,,home,10,10,,,WORD,,
S014.txt,15,,Friday,17,17,,,NAME,,
S014.txt,15,,travel,23,23,,,WORD,,
S014.txt,15,,Sacramento,25,25,,,NAME,,
S014.txt,15,,play,27,27,,,WORD,,
S014.txt,15,,Kings,29,29,,,NAME,,
S014.txt,15,,Friday,31,31,,,NAME,,
S015.txt,1,,Wednesday,22,22,,,NAME,,
S015.txt,2,,64,18,18,,,NUMBER,,
S015.txt,2,,52,20,20,,,NUMBER,,
S015.txt,3,,also able,3,4,,,WORD,,
S015.txt,3,,score,8,8,,,WORD,,
S015.txt,3,,50,11,11,,,NUMBER,,
S015.txt,3,,38,13,13,,,NUMBER,,
S015.txt,3,,half,17,17,,,WORD,,
S015.txt,3,,allowing,19,19,,,WORD,,
S015.txt,3,,coast,22,22,,,WORD,,
S015.txt,3,,easy victory,25,26,,,WORD,,
S015.txt,3,,front,28,28,,,WORD,,
S015.txt,3,,home crowd,31,32,,,WORD,,
S015.txt,8,,led,3,3,,,WORD,,
S015.txt,8,,bench,27,27,,,WORD,,
S015.txt,9,,look,4,4,,,WORD,,
S015.txt,9,,get back,6,7,,,WORD,,
S015.txt,9,,track,9,9,,,WORD,,
S015.txt,9,,half,13,13,,,WORD,,
S015.txt,9,,back,16,16,,,WORD,,
S015.txt,9,,back,20,20,,,WORD,,
S015.txt,9,,travel,23,23,,,WORD,,
S015.txt,9,,Cleveland,25,25,,,NAME,,
S015.txt,9,,take,27,27,,,WORD,,
S015.txt,9,,Cavaliers,30,30,,,NAME,,
S015.txt,9,,night,33,33,,,WORD,,
S015.txt,10,,lost,4,4,,,NOT_CHECKABLE,,
S015.txt,10,,straight games,6,7,,,NOT_CHECKABLE,,
S015.txt,11,,20,17,17,,,NUMBER,,
S015.txt,11,,7,20,20,,,NUMBER,,
S015.txt,11,,15,22,22,,,NUMBER,,
S015.txt,11,,10,27,27,,,NUMBER,,
S015.txt,12,,37,6,6,,,NUMBER,,
S015.txt,13,,look,3,3,,,WORD,,
S015.txt,13,,get back,5,6,,,WORD,,
S015.txt,13,,track,8,8,,,WORD,,
S015.txt,13,,game,12,12,,,WORD,,
S015.txt,13,,Timberwolves,17,17,,,NAME,,
S016.txt,1,,Friday,25,25,,,NAME,,
S016.txt,2,,game,2,2,,,WORD,,
S016.txt,2,,throughout,5,5,,,WORD,,
S016.txt,2,,half,8,8,,,WORD,,
S016.txt,2,,came,13,13,,,NOT_CHECKABLE,,
S016.txt,2,,strong,15,15,,,WORD,,
S016.txt,2,,quarter,19,19,,,WORD,,
S016.txt,2,,29,26,26,,,NUMBER,,
S016.txt,2,,8,28,28,,,NUMBER,,
S016.txt,3,,strong,5,5,,,WORD,,
S016.txt,3,,quarter,9,9,,,WORD,,
S016.txt,3,,29,16,16,,,NUMBER,,
S016.txt,3,,8,18,18,,,NUMBER,,
S016.txt,3,,battled back,23,24,,,WORD,,
S016.txt,3,,quarters,30,30,,,WORD,,
S016.txt,3,,scored,36,36,,,WORD,,
S016.txt,3,,59,39,39,,,NUMBER,,
S016.txt,3,,42,41,41,,,NUMBER,,
S016.txt,3,,tie,44,44,,,WORD,,
S016.txt,3,,game,46,46,,,WORD,,
S016.txt,3,,2 run,51,52,,,WORD,,
S016.txt,6,,4,44,44,,,NUMBER,,
S016.txt,6,,29,58,58,,,NUMBER,,
S016.txt,7,,score,6,6,,,WORD,,
S016.txt,7,,double figures,8,9,,,WORD,,
S016.txt,8,,2,7,7,,,NUMBER,,
S016.txt,8,,6,9,9,,,NUMBER,,
S016.txt,8,,0,12,12,,,NUMBER,,
S016.txt,8,,3,14,14,,,NUMBER,,
S016.txt,8,,2,17,17,,,NUMBER,,
S016.txt,8,,2,19,19,,,NUMBER,,
S016.txt,8,,37,30,30,,,NUMBER,,
S016.txt,9,,30,26,26,,,NUMBER,,
S016.txt,10,,reach double figures,6,8,,,WORD,,
S016.txt,11,,8,37,37,,,NUMBER,,
S016.txt,12,,lost,5,5,,,NOT_CHECKABLE,,
S016.txt,12,,row,9,9,,,WORD,,
S016.txt,13,,Next,1,1,,,NAME,,
S016.txt,13,,host,5,5,,,WORD,,
S016.txt,13,,Grizzlies,7,7,,,NAME,,
S016.txt,14,,couple,5,5,,,WORD,,
S016.txt,14,,days,7,7,,,WORD,,
S016.txt,14,,getting back,10,11,,,WORD,,
S016.txt,14,,action,13,13,,,WORD,,
S016.txt,14,,Tuesday,15,15,,,NAME,,
S016.txt,14,,Denver,17,17,,,NAME,,
S017.txt,1,,Saturday,18,18,,,NAME,,
S017.txt,2,,Monday,11,11,,,NAME,,
S017.txt,2,,17,20,20,,,NUMBER,,
S017.txt,2,,Barclays Center,25,26,,,NAME,,
S017.txt,3,,17,20,20,,,NUMBER,,
S017.txt,3,,Barclays Center,25,26,,,NAME,,
S017.txt,4,,60,4,4,,,NUMBER,,
S017.txt,4,,63,12,12,,,NUMBER,,
S017.txt,4,,63,27,27,,,NUMBER,,
S017.txt,5,,Cavs,8,8,,,NAME,,
S017.txt,9,,productive,4,4,,,WORD,,
S017.txt,9,,reserve role,7,8,,,WORD,,
S017.txt,9,,rebound,19,19,,,WORD,,
S017.txt,12,,12,4,4,,,NUMBER,,
S017.txt,14,,head back home,3,5,,,WORD,,
S017.txt,14,,tangle,7,7,,,WORD,,
S017.txt,14,,Atlanta Hawks,10,11,,,NAME,,
S017.txt,14,,Friday night,13,14,,,WORD,,
S017.txt,14,,home,20,20,,,WORD,,
S017.txt,14,,await,22,22,,,WORD,,
S017.txt,14,,Philadelphia 76ers,24,25,,,WORD,,
S017.txt,14,,Friday evening,27,28,,,WORD,,
S018.txt,4,,33,9,9,,,NUMBER,,
S018.txt,4,,12,12,12,,,NUMBER,,
S018.txt,4,,23,14,14,,,NUMBER,,
S018.txt,4,,4,17,17,,,NUMBER,,
S018.txt,4,,10,19,19,,,NUMBER,,
S018.txt,4,,5,22,22,,,NUMBER,,
S018.txt,4,,6,24,24,,,NUMBER,,
S018.txt,5,,39,13,13,,,NUMBER,,
S018.txt,5,,13,16,16,,,NUMBER,,
S018.txt,7,,riding,3,3,,,WORD,,
S018.txt,7,,game stretch,8,9,,,WORD,,
S018.txt,7,,combined,13,13,,,WORD,,
S018.txt,7,,29,15,15,,,NUMBER,,
S018.txt,7,,12,18,18,,,NUMBER,,
S018.txt,9,,Josh Smith,13,14,,,NAME,,
S018.txt,10,,19,4,4,,,NUMBER,,
S018.txt,10,,7,7,7,,,NUMBER,,
S018.txt,10,,10,9,9,,,NUMBER,,
S018.txt,10,,5,12,12,,,NUMBER,,
S018.txt,10,,10,14,14,,,NUMBER,,
S018.txt,10,,20,18,18,,,NUMBER,,
S018.txt,10,,4,28,28,,,NUMBER,,
S018.txt,10,,11,32,32,,,NUMBER,,
S018.txt,10,,2,37,37,,,NUMBER,,
S018.txt,10,,4,41,41,,,NUMBER,,
S018.txt,10,,12,50,50,,,NUMBER,,
S018.txt,11,,double,5,5,,,WORD,,
S018.txt,11,,double,7,7,,,WORD,,
S018.txt,11,,row,10,10,,,WORD,,
S018.txt,11,,stretch,13,13,,,WORD,,
S018.txt,11,,averaging 17,17,18,,,NUMBER,,
S018.txt,11,,12,21,21,,,NUMBER,,
S018.txt,13,,game,5,5,,,WORD,,
S018.txt,13,,home,9,9,,,WORD,,
S018.txt,13,,home,24,24,,,WORD,,
S018.txt,13,,Minnesota Timberwolves,27,28,,,NAME,,
S019.txt,2,,expected,4,4,,,NOT_CHECKABLE,,
S019.txt,2,,win,6,6,,,NOT_CHECKABLE,,
S019.txt,2,,game easily,8,9,,,NOT_CHECKABLE,,
S019.txt,2,,took care,12,13,,,NOT_CHECKABLE,,
S019.txt,2,,business,15,15,,,NOT_CHECKABLE,,
S019.txt,2,,wire,18,18,,,NOT_CHECKABLE,,
S019.txt,2,,wire win,22,23,,,NOT_CHECKABLE,,
S019.txt,3,,fact,2,2,,,WORD,,
S019.txt,3,,led,6,6,,,WORD,,
S019.txt,3,,entirety,9,9,,,WORD,,
S019.txt,3,,half,13,13,,,WORD,,
S019.txt,3,,outscored,17,17,,,WORD,,
S019.txt,3,,quarter,28,28,,,WORD,,
S019.txt,4,,23,16,16,,,NUMBER,,
S019.txt,4,,16,19,19,,,NUMBER,,
S019.txt,4,,15,25,25,,,NUMBER,,
S019.txt,4,,16,29,29,,,NUMBER,,
S019.txt,5,,last,14,14,,,NOT_CHECKABLE,,
S019.txt,5,,games,16,16,,,NOT_CHECKABLE,,
S019.txt,5,,continue,20,20,,,WORD,,
S019.txt,5,,falter,22,22,,,WORD,,
S019.txt,8,,starter,7,7,,,WORD,,
S019.txt,8,,double figures,9,10,,,WORD,,
S019.txt,8,,totaled 13,14,15,,,NUMBER,,
S019.txt,9,,deck,2,2,,,WORD,,
S019.txt,9,,home matchup,7,8,,,WORD,,
S019.txt,9,,Atlanta Hawks,11,12,,,NAME,,
S019.txt,9,,Friday,14,14,,,NAME,,
S019.txt,10,,last,14,14,,,NOT_CHECKABLE,,
S019.txt,10,,games,16,16,,,NOT_CHECKABLE,,
S019.txt,10,,continue,20,20,,,WORD,,
S019.txt,10,,falter,22,22,,,WORD,,
S019.txt,13,,starter,7,7,,,WORD,,
S019.txt,13,,double figures,9,10,,,WORD,,
S019.txt,14,,look,3,3,,,WORD,,
S019.txt,14,,play better,5,6,,,WORD,,
S019.txt,14,,Thursday,8,8,,,NAME,,
S019.txt,14,,home matchup,11,12,,,WORD,,
S019.txt,14,,Toronto Raptors,15,16,,,NAME,,
S020.txt,1,,defeated,4,4,,,WORD,,
S020.txt,1,,host,6,6,,,WORD,,
S020.txt,1,,111,10,10,,,NUMBER,,
S020.txt,1,,Friday,19,19,,,NAME,,
S020.txt,2,,16,4,4,,,NUMBER,,
S020.txt,2,,checked,8,8,,,NOT_CHECKABLE,,
S020.txt,2,,Friday,11,11,,,NAME,,
S020.txt,2,,contest,13,13,,,NOT_CHECKABLE,,
S020.txt,2,,loss,17,17,,,WORD,,
S020.txt,2,,16,22,22,,,NUMBER,,
S020.txt,2,,able,30,30,,,WORD,,
S020.txt,2,,pull away,32,33,,,WORD,,
S020.txt,2,,half,37,37,,,WORD,,
S020.txt,3,,However,1,1,,,NAME,,
S020.txt,3,,able,6,6,,,WORD,,
S020.txt,3,,pull away,8,9,,,WORD,,
S020.txt,3,,half,13,13,,,WORD,,
S020.txt,3,,outscoring,15,15,,,WORD,,
S020.txt,3,,margin,23,23,,,WORD,,
S020.txt,3,,final 12,26,27,,,NUMBER,,
S020.txt,4,,However,1,1,,,NAME,,
S020.txt,4,,battled back,5,6,,,WORD,,
S020.txt,4,,outscoring,11,11,,,WORD,,
S020.txt,4,,margin,19,19,,,WORD,,
S020.txt,4,,final 12,22,23,,,NUMBER,,
S020.txt,5,,led,4,4,,,WORD,,
S020.txt,5,,supplemented,14,14,,,WORD,,
S020.txt,5,,blocks,25,25,,,WORD,,
S020.txt,7,,12,5,5,,,NUMBER,,
S020.txt,8,,led,3,3,,,WORD,,
S020.txt,8,,bench,5,5,,,WORD,,
S020.txt,8,,12,7,7,,,NUMBER,,
S020.txt,8,,assist,14,14,,,WORD,,
S020.txt,9,,led,3,3,,,WORD,,
S020.txt,9,,supplemented,13,13,,,WORD,,
S020.txt,9,,block,25,25,,,WORD,,
S020.txt,10,,12,5,5,,,NUMBER,,
S020.txt,11,,productive,4,4,,,WORD,,
S020.txt,11,,reserve role,7,8,,,WORD,,
S020.txt,11,,14,12,12,,,NUMBER,,
S020.txt,11,,block,22,22,,,WORD,,
S020.txt,12,,led,3,3,,,WORD,,
S020.txt,13,,blocks,20,20,,,WORD,,
S020.txt,14,,double,8,8,,,WORD,,
S020.txt,14,,double,10,10,,,WORD,,
S020.txt,14,,12,12,12,,,NUMBER,,
S020.txt,14,,block,25,25,,,WORD,,
S020.txt,15,,led,3,3,,,CONTEXT,,
S020.txt,15,,unit,6,6,,,CONTEXT,,
S020.txt,15,,points,9,9,,,CONTEXT,,
S020.txt,15,,rebounds,12,12,,,CONTEXT,,
S020.txt,15,,assists,15,15,,,CONTEXT,,
S020.txt,15,,steal,18,18,,,CONTEXT,,
S020.txt,16,,remain,3,3,,,NOT_CHECKABLE,,
S020.txt,16,,last place,5,6,,,NOT_CHECKABLE,,
S020.txt,16,,Western Conference,9,10,,,NAME,,
S020.txt,16,,Southwest Division,12,13,,,NAME,,
S020.txt,17,,Minnesota,4,4,,,NAME,,
S020.txt,17,,Timberwolves,9,9,,,NAME,,
S020.txt,19,,20,5,5,,,NUMBER,,
S020.txt,21,,led,3,3,,,WORD,,
S020.txt,21,,bench,5,5,,,WORD,,
S020.txt,21,,rebound,14,14,,,WORD,,
S020.txt,22,,remain,3,3,,,NOT_CHECKABLE,,
S020.txt,22,,last place,5,6,,,NOT_CHECKABLE,,
S020.txt,22,,Western Conference,9,10,,,NAME,,
S020.txt,22,,Southwest Division,12,13,,,NAME,,
S020.txt,23,,Golden State Warriors,7,9,,,NAME,,
S021.txt,1,,1,15,15,,,NUMBER,,
S021.txt,1,,Saturday,18,18,,,NAME,,
S021.txt,2,,came,8,8,,,NOT_CHECKABLE,,
S021.txt,2,,Saturday,11,11,,,NAME,,
S021.txt,2,,contest,13,13,,,NOT_CHECKABLE,,
S021.txt,2,,strong start,16,17,,,WORD,,
S021.txt,2,,season,20,20,,,NOT_CHECKABLE,,
S021.txt,2,,came,30,30,,,NOT_CHECKABLE,,
S021.txt,2,,Saturday,33,33,,,NAME,,
S021.txt,2,,contest,35,35,,,NOT_CHECKABLE,,
S021.txt,2,,point,40,40,,,WORD,,
S021.txt,2,,quarter,42,42,,,WORD,,
S021.txt,2,,able,53,53,,,WORD,,
S021.txt,2,,pull away,55,56,,,WORD,,
S021.txt,2,,half,60,60,,,WORD,,
S021.txt,3,,However,1,1,,,NAME,,
S021.txt,3,,battled back,10,11,,,WORD,,
S021.txt,3,,make,13,13,,,WORD,,
S021.txt,3,,point game,18,19,,,WORD,,
S021.txt,3,,quarter,26,26,,,WORD,,
S021.txt,3,,battled back,31,32,,,WORD,,
S021.txt,3,,make,34,34,,,WORD,,
S021.txt,3,,point game,39,40,,,WORD,,
S021.txt,3,,quarter,47,47,,,WORD,,
S021.txt,4,,However,1,1,,,NAME,,
S021.txt,4,,able,6,6,,,WORD,,
S021.txt,4,,pull away,8,9,,,WORD,,
S021.txt,4,,quarter,13,13,,,WORD,,
S021.txt,4,,outscoring,15,15,,,WORD,,
S021.txt,4,,38,25,25,,,NUMBER,,
S021.txt,4,,margin,28,28,,,WORD,,
S021.txt,4,,final 12,31,32,,,NUMBER,,
S021.txt,6,,assist,13,13,,,WORD,,
S021.txt,8,,double,7,7,,,WORD,,
S021.txt,8,,double,9,9,,,WORD,,
S021.txt,8,,blocks,24,24,,,WORD,,
S021.txt,9,,double,7,7,,,WORD,,
S021.txt,9,,double,9,9,,,WORD,,
S021.txt,10,,productive,4,4,,,WORD,,
S021.txt,10,,reserve role,7,8,,,WORD,,
S021.txt,10,,17,12,12,,,NUMBER,,
S021.txt,10,,blocks,25,25,,,WORD,,
S021.txt,13,,18,7,7,,,NUMBER,,
S021.txt,13,,point,9,9,,,WORD,,
S021.txt,13,,10,11,11,,,NUMBER,,
S021.txt,13,,rebound double,13,14,,,WORD,,
S021.txt,13,,double,16,16,,,WORD,,
S021.txt,13,,also,18,18,,,WORD,,
S021.txt,13,,blocks,29,29,,,WORD,,
S021.txt,14,,18,6,6,,,NUMBER,,
S021.txt,15,,point,7,7,,,WORD,,
S021.txt,15,,rebound double,11,12,,,WORD,,
S021.txt,15,,double,14,14,,,WORD,,
S021.txt,15,,also,16,16,,,WORD,,
S021.txt,15,,blocks,25,25,,,WORD,,
S021.txt,16,,led,3,3,,,WORD,,
S021.txt,16,,bench,5,5,,,WORD,,
S021.txt,16,,18,7,7,,,NUMBER,,
S021.txt,17,,head back home,3,5,,,WORD,,
S021.txt,17,,face,7,7,,,WORD,,
S021.txt,17,,San Antonio Spurs,11,13,,,NAME,,
S021.txt,17,,Saturday night,15,16,,,WORD,,
S021.txt,17,,home,22,22,,,WORD,,
S021.txt,17,,await,24,24,,,WORD,,
S021.txt,17,,State Warriors,27,28,,,NAME,,
S021.txt,17,,Saturday evening,30,31,,,WORD,,
S022.txt,2,,teams going,4,5,,,WORD,,
S022.txt,2,,opposite directions,7,8,,,WORD,,
S022.txt,2,,result shows,11,12,,,WORD,,
S022.txt,3,,8,7,7,,,NUMBER,,
S022.txt,3,,10,10,10,,,NUMBER,,
S022.txt,3,,8,23,23,,,NUMBER,,
S022.txt,4,,Defense,1,1,,,NAME,,
S022.txt,5,,Rebounding,1,1,,,NAME,,
S022.txt,5,,34,18,18,,,NUMBER,,
S022.txt,12,,game,4,4,,,WORD,,
S022.txt,12,,host,12,12,,,WORD,,
S022.txt,12,,Oklahoma City Thunder,14,16,,,NAME,,
S022.txt,12,,game,20,20,,,WORD,,
S022.txt,13,,Verizon,26,26,,,NAME,,
S023.txt,2,,expected,3,3,,,NOT_CHECKABLE,,
S023.txt,2,,win,5,5,,,NOT_CHECKABLE,,
S023.txt,2,,game easily,7,8,,,NOT_CHECKABLE,,
S023.txt,2,,left,11,11,,,WORD,,
S023.txt,2,,doubt,13,13,,,WORD,,
S023.txt,2,,result,16,16,,,WORD,,
S023.txt,3,,fact,2,2,,,WORD,,
S023.txt,3,,led,6,6,,,WORD,,
S023.txt,3,,entirety,9,9,,,WORD,,
S023.txt,3,,half,13,13,,,WORD,,
S023.txt,3,,led,17,17,,,WORD,,
S023.txt,3,,11,19,19,,,NUMBER,,
S023.txt,3,,half,25,25,,,WORD,,
S023.txt,4,,Defense,1,1,,,NAME,,
S023.txt,7,,starter,7,7,,,WORD,,
S023.txt,7,,double figures,9,10,,,WORD,,
S023.txt,7,,accumulated,14,14,,,WORD,,
S023.txt,9,,recorded,3,3,,,WORD,,
S023.txt,9,,double,5,5,,,WORD,,
S023.txt,9,,double,7,7,,,WORD,,
S023.txt,9,,totaling,9,9,,,WORD,,
S023.txt,11,,double figures,9,10,,,WORD,,
S023.txt,12,,deck,2,2,,,WORD,,
S023.txt,12,,home matchup,8,9,,,WORD,,
S024.txt,1,,Saturday,18,18,,,NAME,,
S024.txt,2,,came,8,8,,,NOT_CHECKABLE,,
S024.txt,2,,Wednesday,10,10,,,NAME,,
S024.txt,2,,contest,12,12,,,NOT_CHECKABLE,,
S024.txt,2,,keep,18,18,,,WORD,,
S024.txt,2,,able,34,34,,,WORD,,
S024.txt,2,,pierce,36,36,,,NOT_CHECKABLE,,
S024.txt,2,,armor Wednesday,40,41,,,NAME,,
S024.txt,2,,touching,43,43,,,NOT_CHECKABLE,,
S024.txt,2,,Gregg Popovich,45,46,,,NAME,,
S024.txt,2,,crew,48,48,,,NOT_CHECKABLE,,
S024.txt,2,,season,51,51,,,NOT_CHECKABLE,,
S024.txt,2,,high,53,53,,,WORD,,
S024.txt,4,,23,4,4,,,NUMBER,,
S024.txt,5,,rebound,12,12,,,WORD,,
S024.txt,5,,block,15,15,,,WORD,,
S024.txt,5,,bench,21,21,,,WORD,,
S024.txt,8,,led,3,3,,,CONTEXT,,
S024.txt,8,,unit,6,6,,,CONTEXT,,
S024.txt,8,,points,9,9,,,CONTEXT,,
S024.txt,8,,rebounds,12,12,,,CONTEXT,,
S024.txt,8,,assists,15,15,,,CONTEXT,,
S024.txt,8,,block,18,18,,,CONTEXT,,
S024.txt,9,,led,3,3,,,WORD,,
S024.txt,9,,rebound,12,12,,,WORD,,
S024.txt,13,,totaled,3,3,,,WORD,,
S024.txt,13,,reserve role,11,12,,,WORD,,
S025.txt,2,,checked,8,8,,,NOT_CHECKABLE,,
S025.txt,2,,Thursday,11,11,,,NAME,,
S025.txt,2,,contest,13,13,,,NOT_CHECKABLE,,
S025.txt,2,,home,28,28,,,WORD,,
S025.txt,2,,keep,36,36,,,WORD,,
S025.txt,2,,home victory,47,48,,,WORD,,
S025.txt,2,,season,51,51,,,NOT_CHECKABLE,,
S025.txt,6,,led,3,3,,,WORD,,
S025.txt,6,,rebound,18,18,,,WORD,,
S026.txt,1,,defeated,9,9,,,WORD,,
S026.txt,1,,Wednesday,22,22,,,NAME,,
S026.txt,2,,27,20,20,,,NUMBER,,
S026.txt,3,,0,40,40,,,NUMBER,,
S026.txt,3,,3,44,44,,,NUMBER,,
S026.txt,5,,11,3,3,,,NUMBER,,
S026.txt,5,,15,7,7,,,NUMBER,,
S026.txt,5,,5,12,12,,,NUMBER,,
S026.txt,5,,6,16,16,,,NUMBER,,
S026.txt,5,,34,30,30,,,NUMBER,,
S026.txt,6,,season,4,4,,,NOT_CHECKABLE,,
S026.txt,6,,high,6,6,,,WORD,,
S026.txt,6,,recorded,13,13,,,WORD,,
S026.txt,6,,double,16,16,,,WORD,,
S026.txt,6,,double,18,18,,,WORD,,
S026.txt,6,,last,21,21,,,NOT_CHECKABLE,,
S026.txt,6,,games,23,23,,,NOT_CHECKABLE,,
S026.txt,7,,34,3,3,,,NUMBER,,
S026.txt,7,,11,6,6,,,NUMBER,,
S026.txt,7,,15,8,8,,,NUMBER,,
S026.txt,7,,5,11,11,,,NUMBER,,
S026.txt,7,,6,13,13,,,NUMBER,,
S026.txt,7,,7,16,16,,,NUMBER,,
S026.txt,7,,7,18,18,,,NUMBER,,
S026.txt,7,,34,31,31,,,NUMBER,,
S026.txt,7,,11,34,34,,,NUMBER,,
S026.txt,7,,20,36,36,,,NUMBER,,
S026.txt,7,,5,39,39,,,NUMBER,,
S026.txt,7,,6,41,41,,,NUMBER,,
S026.txt,7,,4,44,44,,,NUMBER,,
S026.txt,7,,7,46,46,,,NUMBER,,
S026.txt,8,,42,17,17,,,NUMBER,,
S026.txt,8,,11,20,20,,,NUMBER,,
S026.txt,10,,double,5,5,,,WORD,,
S026.txt,10,,double,7,7,,,WORD,,
S026.txt,10,,row,10,10,,,WORD,,
S026.txt,10,,10,16,16,,,NUMBER,,
S026.txt,10,,16,19,19,,,NUMBER,,
S026.txt,10,,game,22,22,,,WORD,,
S026.txt,12,,double,5,5,,,WORD,,
S026.txt,12,,double,7,7,,,WORD,,
S026.txt,12,,row,10,10,,,WORD,,
S026.txt,12,,combined,15,15,,,WORD,,
S026.txt,12,,42,17,17,,,NUMBER,,
S026.txt,12,,12,20,20,,,NUMBER,,
S026.txt,12,,last,24,24,,,NOT_CHECKABLE,,
S026.txt,12,,games,26,26,,,NOT_CHECKABLE,,
S026.txt,14,,averaging 10,4,5,,,NUMBER,,
S026.txt,14,,6,8,8,,,NUMBER,,
S026.txt,14,,year,12,12,,,NOT_CHECKABLE,,
S026.txt,16,,averaging 15,4,5,,,NUMBER,,
S026.txt,16,,6,8,8,,,NUMBER,,
S026.txt,16,,year,12,12,,,NOT_CHECKABLE,,
S026.txt,17,,starter,7,7,,,WORD,,
S026.txt,17,,reach double figures,9,11,,,WORD,,
S026.txt,18,,6,3,3,,,NUMBER,,
S026.txt,18,,9,7,7,,,NUMBER,,
S026.txt,18,,1,12,12,,,NUMBER,,
S026.txt,18,,3,16,16,,,NUMBER,,
S026.txt,18,,17,25,25,,,NUMBER,,
S026.txt,19,,game,5,5,,,WORD,,
S026.txt,19,,home,9,9,,,WORD,,
S026.txt,19,,Toronto Raptors,12,13,,,NAME,,
S026.txt,19,,home,23,23,,,WORD,,
S026.txt,19,,Brooklyn Nets,26,27,,,NAME,,
S027.txt,3,,58,12,12,,,NUMBER,,
S027.txt,3,,33,18,18,,,NUMBER,,
S027.txt,3,,58,31,31,,,NUMBER,,
S027.txt,3,,33,37,37,,,NUMBER,,
S027.txt,5,,31,13,13,,,NUMBER,,
S027.txt,5,,13,16,16,,,NUMBER,,
S027.txt,5,,19,18,18,,,NUMBER,,
S027.txt,5,,2,21,21,,,NUMBER,,
S027.txt,5,,4,23,23,,,NUMBER,,
S027.txt,5,,3,26,26,,,NUMBER,,
S027.txt,5,,4,28,28,,,NUMBER,,
S027.txt,6,,double,5,5,,,WORD,,
S027.txt,6,,double,7,7,,,WORD,,
S027.txt,6,,row,10,10,,,WORD,,
S027.txt,6,,combined,15,15,,,WORD,,
S027.txt,6,,45,17,17,,,NUMBER,,
S027.txt,6,,10,20,20,,,NUMBER,,
S027.txt,6,,last,24,24,,,NOT_CHECKABLE,,
S027.txt,6,,games,26,26,,,NOT_CHECKABLE,,
S027.txt,8,,game,5,5,,,WORD,,
S027.txt,8,,road,10,10,,,WORD,,
S027.txt,8,,travel,22,22,,,WORD,,
S027.txt,8,,Charlotte,24,24,,,NAME,,
S027.txt,8,,play,26,26,,,WORD,,
S027.txt,8,,Hornets,28,28,,,NAME,,
S028.txt,1,,Saturday,17,17,,,NAME,,
S028.txt,2,,Trust,17,17,,,NAME,,
S028.txt,2,,Process,19,19,,,NAME,,
S028.txt,3,,able,3,3,,,WORD,,
S028.txt,3,,withstand,5,5,,,WORD,,
S028.txt,3,,late rally,7,8,,,WORD,,
S028.txt,3,,21,15,15,,,NUMBER,,
S028.txt,3,,half,20,20,,,WORD,,
S028.txt,3,,back,23,23,,,WORD,,
S028.txt,3,,back set,27,28,,,WORD,,
S028.txt,3,,building,30,30,,,WORD,,
S028.txt,3,,31,32,32,,,NUMBER,,
S028.txt,3,,lead,35,35,,,WORD,,
S028.txt,3,,quarter,38,38,,,WORD,,
S028.txt,4,,However,1,1,,,NAME,,
S028.txt,4,,regrouped,10,10,,,WORD,,
S028.txt,4,,halftime,12,12,,,WORD,,
S028.txt,4,,came,14,14,,,NOT_CHECKABLE,,
S028.txt,4,,strong,16,16,,,WORD,,
S028.txt,4,,quarter,20,20,,,WORD,,
S028.txt,4,,outscoring,22,22,,,WORD,,
S028.txt,4,,59,27,27,,,NUMBER,,
S028.txt,4,,48 margin,29,30,,,WORD,,
S028.txt,4,,half,34,34,,,WORD,,
S028.txt,6,,point,7,7,,,WORD,,
S028.txt,6,,rebound double,11,12,,,WORD,,
S028.txt,6,,double,14,14,,,WORD,,
S028.txt,6,,also,16,16,,,WORD,,
S028.txt,6,,assist,19,19,,,WORD,,
S028.txt,6,,block,25,25,,,WORD,,
S028.txt,7,,led,3,3,,,CONTEXT,,
S028.txt,7,,unit,6,6,,,CONTEXT,,
S028.txt,7,,points,9,9,,,CONTEXT,,
S028.txt,7,,rebounds,12,12,,,CONTEXT,,
S028.txt,7,,assists,15,15,,,CONTEXT,,
S028.txt,9,,Jr,4,4,,,NAME,,
S028.txt,10,,point,7,7,,,WORD,,
S028.txt,10,,rebound double,11,12,,,WORD,,
S028.txt,10,,double,14,14,,,WORD,,
S028.txt,10,,also,16,16,,,WORD,,
S028.txt,11,,led,3,3,,,CONTEXT,,
S028.txt,11,,unit,6,6,,,CONTEXT,,
S028.txt,11,,points,9,9,,,CONTEXT,,
S028.txt,11,,rebounds,12,12,,,CONTEXT,,
S028.txt,11,,steal,15,15,,,CONTEXT,,
S028.txt,12,,led,3,3,,,CONTEXT,,
S028.txt,12,,unit,6,6,,,CONTEXT,,
S028.txt,12,,points,9,9,,,CONTEXT,,
S028.txt,12,,rebounds,12,12,,,CONTEXT,,
S028.txt,12,,assists,15,15,,,CONTEXT,,
S028.txt,16,,led,3,3,,,CONTEXT,,
S028.txt,16,,unit,6,6,,,CONTEXT,,
S028.txt,16,,points,9,9,,,CONTEXT,,
S028.txt,16,,rebounds,12,12,,,CONTEXT,,
S028.txt,16,,assists,15,15,,,CONTEXT,,
S028.txt,17,,head back home,3,5,,,WORD,,
S028.txt,17,,face,7,7,,,WORD,,
S028.txt,17,,Detroit Pistons,11,12,,,NAME,,
S028.txt,17,,night,15,15,,,WORD,,
S028.txt,17,,home,21,21,,,WORD,,
S028.txt,17,,await,23,23,,,WORD,,
S028.txt,17,,Phoenix Suns,25,26,,,NAME,,
S028.txt,17,,evening,29,29,,,WORD,,
S029.txt,2,,Friday,11,11,,,NAME,,
S029.txt,2,,19,30,30,,,NUMBER,,
S029.txt,3,,However,1,1,,,NAME,,
S029.txt,3,,able,11,11,,,WORD,,
S029.txt,3,,pull away,13,14,,,WORD,,
S029.txt,3,,half,18,18,,,WORD,,
S029.txt,3,,outscoring,20,20,,,WORD,,
S029.txt,3,,margin,33,33,,,WORD,,
S029.txt,3,,quarter,37,37,,,WORD,,
S029.txt,4,,However,1,1,,,NAME,,
S029.txt,4,,able,6,6,,,WORD,,
S029.txt,4,,pull away,8,9,,,WORD,,
S029.txt,4,,half,13,13,,,WORD,,
S029.txt,4,,outscoring,15,15,,,WORD,,
S029.txt,4,,margin,23,23,,,WORD,,
S029.txt,4,,quarter,27,27,,,WORD,,
S029.txt,7,,bench,7,7,,,WORD,,
S029.txt,7,,supplemented,15,15,,,WORD,,
S029.txt,9,,led,3,3,,,WORD,,
S029.txt,9,,bench,5,5,,,WORD,,
S029.txt,9,,14,7,7,,,NUMBER,,
S029.txt,10,,led,3,3,,,WORD,,
S029.txt,10,,bench,5,5,,,WORD,,
S029.txt,10,,14,7,7,,,NUMBER,,
S029.txt,11,,led,3,3,,,CONTEXT,,
S029.txt,11,,unit,6,6,,,CONTEXT,,
S029.txt,11,,12 points,8,9,,,CONTEXT,,
S029.txt,11,,assists,12,12,,,CONTEXT,,
S029.txt,11,,rebounds,15,15,,,CONTEXT,,
S029.txt,11,,steal,18,18,,,CONTEXT,,
S029.txt,12,,remain,3,3,,,NOT_CHECKABLE,,
S029.txt,12,,last place,5,6,,,NOT_CHECKABLE,,
S029.txt,12,,Western Conference,9,10,,,NAME,,
S029.txt,12,,Northwest Division,12,13,,,NAME,,
S029.txt,17,,led,3,3,,,CONTEXT,,
S029.txt,17,,unit,6,6,,,CONTEXT,,
S029.txt,17,,points,9,9,,,CONTEXT,,
S029.txt,17,,rebounds,12,12,,,CONTEXT,,
S029.txt,17,,assists,15,15,,,CONTEXT,,
S029.txt,17,,steals,18,18,,,CONTEXT,,
S029.txt,18,,remain,3,3,,,NOT_CHECKABLE,,
S029.txt,18,,last place,5,6,,,NOT_CHECKABLE,,
S029.txt,18,,Western Conference,9,10,,,NAME,,
S029.txt,18,,Northwest Division,12,13,,,NAME,,
S029.txt,19,,home,3,3,,,WORD,,
S029.txt,19,,date,9,9,,,WORD,,
S029.txt,19,,Utah Jazz,12,13,,,NAME,,
S030.txt,2,,expected,3,3,,,NOT_CHECKABLE,,
S030.txt,2,,win,5,5,,,NOT_CHECKABLE,,
S030.txt,2,,game easily,7,8,,,NOT_CHECKABLE,,
S030.txt,2,,left,11,11,,,WORD,,
S030.txt,2,,doubt,13,13,,,WORD,,
S030.txt,2,,overtime win,16,17,,,NOT_CHECKABLE,,
S030.txt,3,,fact,2,2,,,WORD,,
S030.txt,3,,led,6,6,,,WORD,,
S030.txt,3,,entirety,9,9,,,WORD,,
S030.txt,3,,half,13,13,,,WORD,,
S030.txt,3,,outscored,17,17,,,WORD,,
S030.txt,3,,quarter,28,28,,,WORD,,
S030.txt,4,,Rebounding,1,1,,,NAME,,
S030.txt,5,,last,14,14,,,NOT_CHECKABLE,,
S030.txt,5,,games,16,16,,,NOT_CHECKABLE,,
S030.txt,5,,continue,20,20,,,WORD,,
S030.txt,5,,play well,22,23,,,NOT_CHECKABLE,,
S030.txt,6,,could,6,6,,,WORD,,
S030.txt,6,,led,12,12,,,WORD,,
S030.txt,6,,team,14,14,,,WORD,,
S030.txt,8,,starter,7,7,,,WORD,,
S030.txt,8,,double figures,9,10,,,WORD,,
S030.txt,8,,accrued 11,14,15,,,NUMBER,,
S030.txt,8,,blocks,22,22,,,WORD,,
S030.txt,9,,deck,2,2,,,WORD,,
S030.txt,9,,road matchup,7,8,,,WORD,,
S030.txt,9,,Los Angeles Clippers,11,13,,,NAME,,
S030.txt,10,,last,14,14,,,NOT_CHECKABLE,,
S030.txt,10,,games,16,16,,,NOT_CHECKABLE,,
S030.txt,10,,continue,20,20,,,WORD,,
S030.txt,10,,look like,22,23,,,WORD,,
S030.txt,10,,great team,25,26,,,WORD,,
S031.txt,2,,checked,8,8,,,NOT_CHECKABLE,,
S031.txt,2,,Tuesday,11,11,,,NAME,,
S031.txt,2,,contest,13,13,,,NOT_CHECKABLE,,
S031.txt,2,,win,16,16,,,NOT_CHECKABLE,,
S031.txt,2,,last,34,34,,,NOT_CHECKABLE,,
S031.txt,2,,games,36,36,,,NOT_CHECKABLE,,
S031.txt,3,,However,1,1,,,NAME,,
S031.txt,3,,35,8,8,,,NUMBER,,
S031.txt,3,,able,11,11,,,WORD,,
S031.txt,3,,pull away,13,14,,,WORD,,
S031.txt,3,,half,18,18,,,WORD,,
S031.txt,3,,outscoring,20,20,,,WORD,,
S031.txt,3,,17 margin,26,27,,,WORD,,
S031.txt,3,,final 12,30,31,,,NUMBER,,
S031.txt,4,,However,1,1,,,NAME,,
S031.txt,4,,battled back,5,6,,,WORD,,
S031.txt,4,,half,10,10,,,WORD,,
S031.txt,4,,outscoring,12,12,,,WORD,,
S031.txt,4,,margin,20,20,,,WORD,,
S031.txt,4,,final 12,23,24,,,NUMBER,,
S031.txt,5,,However,1,1,,,NAME,,
S031.txt,5,,battled back,5,6,,,WORD,,
S031.txt,5,,make,8,8,,,WORD,,
S031.txt,5,,point game,13,14,,,WORD,,
S031.txt,5,,left,18,18,,,WORD,,
S031.txt,5,,battled back,26,27,,,WORD,,
S031.txt,5,,make,29,29,,,WORD,,
S031.txt,5,,point game,34,35,,,WORD,,
S031.txt,5,,seconds remaining,38,39,,,WORD,,
S031.txt,7,,12,5,5,,,NUMBER,,
S031.txt,9,,led,3,3,,,CONTEXT,,
S031.txt,9,,unit,6,6,,,CONTEXT,,
S031.txt,9,,points,9,9,,,CONTEXT,,
S031.txt,9,,rebounds,12,12,,,CONTEXT,,
S031.txt,9,,assists,15,15,,,CONTEXT,,
S031.txt,9,,steal,18,18,,,CONTEXT,,
S031.txt,10,,remain,3,3,,,NOT_CHECKABLE,,
S031.txt,10,,place,6,6,,,NOT_CHECKABLE,,
S031.txt,10,,Eastern Conference,9,10,,,NAME,,
S031.txt,10,,Atlantic Division,12,13,,,NAME,,
S031.txt,10,,currently slotted,17,18,,,NOT_CHECKABLE,,
S031.txt,10,,seed,22,22,,,NOT_CHECKABLE,,
S031.txt,10,,conference,25,25,,,NOT_CHECKABLE,,
S031.txt,10,,well,27,27,,,NOT_CHECKABLE,,
S031.txt,11,,Orlando Magic,12,13,,,NAME,,
S032.txt,1,,30,6,6,,,NUMBER,,
S032.txt,1,,10,8,8,,,NUMBER,,
S032.txt,1,,96,22,22,,,NUMBER,,
S032.txt,1,,Wednesday,24,24,,,NAME,,
S032.txt,2,,28,20,20,,,NUMBER,,
S032.txt,3,,50,20,20,,,NUMBER,,
S032.txt,3,,32,47,47,,,NUMBER,,
S032.txt,6,,9,3,3,,,NUMBER,,
S032.txt,6,,18,7,7,,,NUMBER,,
S032.txt,6,,6,12,12,,,NUMBER,,
S032.txt,6,,6,16,16,,,NUMBER,,
S032.txt,6,,24,30,30,,,NUMBER,,
S032.txt,7,,25,5,5,,,NUMBER,,
S032.txt,7,,8,8,8,,,NUMBER,,
S032.txt,8,,9,7,7,,,NUMBER,,
S032.txt,8,,18,11,11,,,NUMBER,,
S032.txt,8,,6,16,16,,,NUMBER,,
S032.txt,8,,6,20,20,,,NUMBER,,
S032.txt,8,,24,29,29,,,NUMBER,,
S032.txt,9,,54,17,17,,,NUMBER,,
S032.txt,9,,13,20,20,,,NUMBER,,
S032.txt,10,,Coming,1,1,,,NAME,,
S032.txt,11,,game,5,5,,,WORD,,
S032.txt,11,,home,9,9,,,WORD,,
S032.txt,11,,Dallas Mavericks,12,13,,,NAME,,
S032.txt,11,,home,23,23,,,WORD,,
S032.txt,11,,Golden State Warriors,26,28,,,NAME,,
S033.txt,1,,Friday,19,19,,,NAME,,
S033.txt,2,,last,14,14,,,NOT_CHECKABLE,,
S033.txt,2,,games,16,16,,,NOT_CHECKABLE,,
S033.txt,2,,last,26,26,,,NOT_CHECKABLE,,
S033.txt,2,,games,28,28,,,NOT_CHECKABLE,,
S033.txt,3,,However,1,1,,,NAME,,
S033.txt,3,,last,16,16,,,NOT_CHECKABLE,,
S033.txt,3,,games,18,18,,,NOT_CHECKABLE,,
S033.txt,3,,last,28,28,,,NOT_CHECKABLE,,
S033.txt,3,,games,30,30,,,NOT_CHECKABLE,,
S033.txt,6,,14,5,5,,,NUMBER,,
S033.txt,6,,24,18,18,,,NUMBER,,
S033.txt,7,,38,20,20,,,NUMBER,,
S033.txt,7,,25,27,27,,,NUMBER,,
S033.txt,8,,look,4,4,,,WORD,,
S033.txt,8,,bounce back,6,7,,,WORD,,
S033.txt,8,,play host,10,11,,,WORD,,
S033.txt,8,,Trail Blazers,14,15,,,NAME,,
S033.txt,9,,Meanwhile,1,1,,,NAME,,
S033.txt,9,,West,31,31,,,NAME,,
S033.txt,13,,look,4,4,,,WORD,,
S033.txt,13,,bounce back,6,7,,,WORD,,
S033.txt,13,,play host,10,11,,,WORD,,
S033.txt,13,,Nets,14,14,,,NAME,,
S034.txt,1,,98,18,18,,,NUMBER,,
S034.txt,2,,23,20,20,,,NUMBER,,
S034.txt,3,,40,32,32,,,NUMBER,,
S034.txt,5,,game,6,6,,,WORD,,
S034.txt,5,,home,10,10,,,WORD,,
S034.txt,5,,Los Angeles Clippers,13,15,,,NAME,,
S034.txt,5,,home,25,25,,,WORD,,
S034.txt,5,,Los Angeles Clippers,28,30,,,NAME,,
S035.txt,2,,battle,3,3,,,NOT_CHECKABLE,,
S035.txt,2,,best offenses,8,9,,,WORD,,
S035.txt,2,,able,17,17,,,WORD,,
S035.txt,2,,prevail,19,19,,,WORD,,
S035.txt,2,,huge road win,22,24,,,NOT_CHECKABLE,,
S035.txt,3,,fact,2,2,,,WORD,,
S035.txt,3,,outscored,6,6,,,WORD,,
S035.txt,3,,46,9,9,,,NUMBER,,
S035.txt,3,,34,11,11,,,NUMBER,,
S035.txt,3,,half,15,15,,,WORD,,
S035.txt,3,,pull,17,17,,,WORD,,
S035.txt,3,,win,20,20,,,NOT_CHECKABLE,,
S035.txt,4,,Rebounding,1,1,,,NAME,,
S035.txt,4,,46,16,16,,,NUMBER,,
S035.txt,4,,34,18,18,,,NUMBER,,
S035.txt,6,,Rebounding,1,1,,,NAME,,
S035.txt,6,,46,13,13,,,NUMBER,,
S035.txt,6,,32,15,15,,,NUMBER,,
S035.txt,7,,20,4,4,,,NUMBER,,
S035.txt,7,,12,6,6,,,NUMBER,,
S035.txt,7,,game,12,12,,,NOT_CHECKABLE,,
S035.txt,7,,Kevin Durant,14,15,,,NAME,,
S035.txt,7,,disappoint,20,20,,,NOT_CHECKABLE,,
S035.txt,10,,double figures,13,14,,,WORD,,
S035.txt,10,,scored,18,18,,,WORD,,
S035.txt,11,,played,3,3,,,WORD,,
S035.txt,11,,bench,7,7,,,WORD,,
S035.txt,11,,providing,9,9,,,WORD,,
S035.txt,12,,deck,2,2,,,WORD,,
S035.txt,12,,road matchup,8,9,,,WORD,,
S035.txt,12,,Orlando Magic,12,13,,,NAME,,
S035.txt,12,,Monday,15,15,,,NAME,,
S035.txt,13,,10,3,3,,,NUMBER,,
S035.txt,13,,22,5,5,,,NUMBER,,
S035.txt,13,,best teams,12,13,,,WORD,,
S035.txt,13,,across,17,17,,,WORD,,
S035.txt,13,,last,19,19,,,NOT_CHECKABLE,,
S035.txt,13,,months,21,21,,,WORD,,
S035.txt,13,,marks,25,25,,,WORD,,
S035.txt,13,,win,28,28,,,NOT_CHECKABLE,,
S035.txt,13,,last,31,31,,,NOT_CHECKABLE,,
S035.txt,13,,games,33,33,,,NOT_CHECKABLE,,
S035.txt,17,,led,3,3,,,WORD,,
S035.txt,17,,bench,5,5,,,WORD,,
S035.txt,18,,host,3,3,,,WORD,,
S035.txt,18,,Boston Celtics,5,6,,,NAME,,
S035.txt,18,,game,10,10,,,WORD,,
S035.txt,18,,Saturday,12,12,,,NAME,,
S036.txt,1,,defeated,4,4,,,WORD,,
S036.txt,1,,afternoon,19,19,,,WORD,,
S036.txt,2,,Wednesday,11,11,,,NAME,,
S036.txt,2,,38,28,28,,,NUMBER,,
S036.txt,2,,28,30,30,,,NUMBER,,
S036.txt,11,,led,3,3,,,CONTEXT,,
S036.txt,11,,unit,6,6,,,CONTEXT,,
S036.txt,11,,points,9,9,,,CONTEXT,,
S036.txt,11,,rebounds,12,12,,,CONTEXT,,
S036.txt,11,,steal,15,15,,,CONTEXT,,
S036.txt,12,,head back home,3,5,,,WORD,,
S036.txt,12,,face,7,7,,,WORD,,
S036.txt,12,,Atlanta Hawks,11,12,,,NAME,,
S036.txt,12,,Friday afternoon,14,15,,,WORD,,
S036.txt,12,,travel,20,20,,,WORD,,
S036.txt,12,,Atlanta,22,22,,,NAME,,
S036.txt,12,,Friday evening date,25,27,,,WORD,,
S036.txt,12,,Hawks,30,30,,,NAME,,
S037.txt,2,,64,18,18,,,NUMBER,,
S037.txt,3,,also able,3,4,,,WORD,,
S037.txt,3,,get,6,6,,,WORD,,
S037.txt,3,,done,8,8,,,WORD,,
S037.txt,3,,half,12,12,,,WORD,,
S037.txt,3,,scored,18,18,,,WORD,,
S037.txt,3,,59,21,21,,,NUMBER,,
S037.txt,3,,allowing,25,25,,,WORD,,
S037.txt,3,,coast,28,28,,,WORD,,
S037.txt,3,,victory,31,31,,,WORD,,
S037.txt,3,,road,34,34,,,WORD,,
S037.txt,6,,reach double figures,6,8,,,WORD,,
S037.txt,8,,combined,4,4,,,WORD,,
S037.txt,8,,52,6,6,,,NUMBER,,
S037.txt,8,,last,10,10,,,NOT_CHECKABLE,,
S037.txt,8,,games,12,12,,,NOT_CHECKABLE,,
S037.txt,8,,good,17,17,,,WORD,,
S037.txt,8,,see,19,19,,,WORD,,
S037.txt,8,,get back,21,22,,,WORD,,
S037.txt,8,,track,24,24,,,WORD,,
S037.txt,10,,look,3,3,,,WORD,,
S037.txt,10,,continue,5,5,,,WORD,,
S037.txt,10,,road Thursday,11,12,,,NAME,,
S037.txt,11,,game,5,5,,,WORD,,
S037.txt,11,,road,10,10,,,WORD,,
S037.txt,11,,Cleveland Cavaliers,13,14,,,NAME,,
S037.txt,11,,travel,22,22,,,WORD,,
S037.txt,11,,play,26,26,,,WORD,,
S038.txt,1,,defeated,9,9,,,WORD,,
S038.txt,1,,Saturday,22,22,,,NAME,,
S038.txt,2,,straight,5,5,,,WORD,,
S038.txt,2,,last,10,10,,,NOT_CHECKABLE,,
S038.txt,2,,games,12,12,,,NOT_CHECKABLE,,
S038.txt,5,,double,5,5,,,WORD,,
S038.txt,5,,double,7,7,,,WORD,,
S038.txt,5,,double,20,20,,,WORD,,
S038.txt,5,,double,22,22,,,WORD,,
S038.txt,7,,teams play,2,3,,,WORD,,
S038.txt,7,,host,10,10,,,WORD,,
S038.txt,7,,25,15,15,,,NUMBER,,
S038.txt,7,,host,23,23,,,WORD,,
S038.txt,7,,25,28,28,,,NUMBER,,
S039.txt,2,,came,8,8,,,NOT_CHECKABLE,,
S039.txt,2,,game winners,11,12,,,WORD,,
S039.txt,2,,last,17,17,,,NOT_CHECKABLE,,
S039.txt,2,,games,19,19,,,NOT_CHECKABLE,,
S039.txt,2,,8,27,27,,,NUMBER,,
S039.txt,2,,able,30,30,,,WORD,,
S039.txt,2,,pull away,32,33,,,WORD,,
S039.txt,2,,half,37,37,,,WORD,,
S039.txt,3,,high,5,5,,,WORD,,
S039.txt,3,,point man,7,8,,,WORD,,
S039.txt,3,,blocks,30,30,,,WORD,,
S039.txt,5,,lost,5,5,,,NOT_CHECKABLE,,
S039.txt,5,,row,9,9,,,WORD,,
S039.txt,5,,lost,16,16,,,NOT_CHECKABLE,,
S039.txt,5,,last,20,20,,,NOT_CHECKABLE,,
S039.txt,5,,games,22,22,,,NOT_CHECKABLE,,
S039.txt,9,,head home,7,8,,,WORD,,
S039.txt,9,,take,11,11,,,WORD,,
S039.txt,9,,Pistons,14,14,,,NAME,,
S039.txt,9,,head home,20,21,,,WORD,,
S039.txt,9,,play,24,24,,,WORD,,
S039.txt,9,,Bulls,26,26,,,NAME,,
S040.txt,1,,defeated,9,9,,,WORD,,
S040.txt,2,,strong,5,5,,,WORD,,
S040.txt,2,,half,7,7,,,WORD,,
S040.txt,2,,scored,12,12,,,WORD,,
S040.txt,2,,50,15,15,,,NUMBER,,
S040.txt,2,,half,21,21,,,WORD,,
S040.txt,2,,pull away,23,24,,,WORD,,
S040.txt,2,,half,28,28,,,WORD,,
S040.txt,6,,game,5,5,,,WORD,,
S040.txt,6,,road,9,9,,,WORD,,
S040.txt,6,,Atlanta Hawks,12,13,,,NAME,,
S040.txt,6,,travel,21,21,,,WORD,,
S040.txt,6,,Charlotte,23,23,,,NAME,,
S040.txt,6,,take,25,25,,,WORD,,
S040.txt,6,,Hornets,28,28,,,NAME,,
S041.txt,2,,17,18,18,,,NUMBER,,
S041.txt,3,,40,40,40,,,NUMBER,,
S041.txt,4,,led,4,4,,,WORD,,
S041.txt,4,,supplemented,14,14,,,WORD,,
S041.txt,4,,block,26,26,,,WORD,,
S041.txt,7,,point,6,6,,,WORD,,
S041.txt,7,,assist double,10,11,,,WORD,,
S041.txt,7,,double,13,13,,,WORD,,
S041.txt,10,,bench,5,5,,,WORD,,
S041.txt,11,,remains,2,2,,,NOT_CHECKABLE,,
S041.txt,11,,place,5,5,,,NOT_CHECKABLE,,
S041.txt,11,,Eastern Conference,8,9,,,NAME,,
S041.txt,11,,Atlantic Division,11,12,,,NAME,,
S041.txt,12,,head,2,2,,,WORD,,
S041.txt,12,,take,6,6,,,WORD,,
S041.txt,12,,night,12,12,,,WORD,,
S042.txt,1,,defeated,4,4,,,WORD,,
S042.txt,1,,Center,17,17,,,NAME,,
S042.txt,2,,battle,3,3,,,NOT_CHECKABLE,,
S042.txt,2,,best offenses,8,9,,,WORD,,
S042.txt,2,,held,21,21,,,WORD,,
S042.txt,2,,double,23,23,,,WORD,,
S042.txt,2,,digit lead,25,26,,,WORD,,
S042.txt,2,,entirety,29,29,,,WORD,,
S042.txt,2,,half,33,33,,,WORD,,
S042.txt,3,,fact,2,2,,,WORD,,
S042.txt,3,,led,6,6,,,WORD,,
S042.txt,3,,majority,9,9,,,WORD,,
S042.txt,3,,game,12,12,,,WORD,,
S042.txt,3,,never led,17,18,,,WORD,,
S042.txt,3,,12,22,22,,,NUMBER,,
S042.txt,3,,entirety,26,26,,,WORD,,
S042.txt,3,,half,30,30,,,WORD,,
S042.txt,4,,game,12,12,,,NOT_CHECKABLE,,
S042.txt,4,,Kevin Durant,14,15,,,NAME,,
S042.txt,4,,win,26,26,,,NOT_CHECKABLE,,
S042.txt,4,,game,28,28,,,NOT_CHECKABLE,,
S042.txt,8,,player,7,7,,,WORD,,
S042.txt,8,,double figures,9,10,,,WORD,,
S042.txt,8,,dropping,12,12,,,WORD,,
S042.txt,9,,deck,2,2,,,WORD,,
S042.txt,9,,road matchup,8,9,,,WORD,,
S042.txt,10,,last,14,14,,,NOT_CHECKABLE,,
S042.txt,10,,games,16,16,,,NOT_CHECKABLE,,
S042.txt,10,,continue,20,20,,,WORD,,
S042.txt,15,,host,3,3,,,WORD,,
S042.txt,15,,Boston Celtics,5,6,,,NAME,,
S042.txt,15,,game,10,10,,,WORD,,
S043.txt,1,,39,6,6,,,NUMBER,,
S043.txt,1,,36,8,8,,,NUMBER,,
S043.txt,1,,105,19,19,,,NUMBER,,
S043.txt,1,,Tuesday,23,23,,,NAME,,
S043.txt,3,,48,12,12,,,NUMBER,,
S043.txt,3,,48,18,18,,,NUMBER,,
S043.txt,5,,4,3,3,,,NUMBER,,
S043.txt,5,,9,7,7,,,NUMBER,,
S043.txt,5,,3,12,12,,,NUMBER,,
S043.txt,5,,5,16,16,,,NUMBER,,
S043.txt,5,,13,30,30,,,NUMBER,,
S043.txt,5,,29,39,39,,,NUMBER,,
S043.txt,6,,39,18,18,,,NUMBER,,
S043.txt,6,,14,21,21,,,NUMBER,,
S043.txt,8,,Despite,1,1,,,NAME,,
S043.txt,8,,loss,3,3,,,WORD,,
S043.txt,8,,Ty Lawson,10,11,,,NAME,,
S043.txt,8,,could,18,18,,,WORD,,
S043.txt,8,,keep,20,20,,,WORD,,
S043.txt,8,,game,25,25,,,WORD,,
S043.txt,9,,0,3,3,,,NUMBER,,
S043.txt,9,,7,7,7,,,NUMBER,,
S043.txt,9,,0,12,12,,,NUMBER,,
S043.txt,9,,2,16,16,,,NUMBER,,
S043.txt,10,,combined,3,3,,,WORD,,
S043.txt,10,,12,6,6,,,NUMBER,,
S043.txt,10,,last,10,10,,,NOT_CHECKABLE,,
S043.txt,10,,games,12,12,,,NOT_CHECKABLE,,
S043.txt,10,,good,17,17,,,WORD,,
S043.txt,10,,see,19,19,,,WORD,,
S043.txt,10,,get things turned around,21,24,,,WORD,,
S043.txt,13,,combined,3,3,,,WORD,,
S043.txt,13,,12,6,6,,,NUMBER,,
S043.txt,13,,last,10,10,,,NOT_CHECKABLE,,
S043.txt,13,,games,12,12,,,NOT_CHECKABLE,,
S043.txt,13,,good,17,17,,,WORD,,
S043.txt,13,,see,19,19,,,WORD,,
S043.txt,13,,get things turned around,21,24,,,WORD,,
S043.txt,15,,game,5,5,,,WORD,,
S043.txt,15,,road,10,10,,,WORD,,
S043.txt,15,,Friday,17,17,,,NAME,,
S043.txt,15,,travel,23,23,,,WORD,,
S043.txt,15,,play,27,27,,,WORD,,
S043.txt,15,,Friday,32,32,,,NAME,,
S044.txt,1,,defeated,9,9,,,WORD,,
S044.txt,1,,76ers,12,12,,,WORD,,
S044.txt,1,,9,14,14,,,NUMBER,,
S044.txt,1,,56,16,16,,,NUMBER,,
S044.txt,1,,95,20,20,,,NUMBER,,
S044.txt,1,,Wednesday night,22,23,,,WORD,,
S044.txt,2,,strong,5,5,,,WORD,,
S044.txt,2,,half,7,7,,,WORD,,
S044.txt,2,,scored,12,12,,,WORD,,
S044.txt,2,,Sixers,14,14,,,NAME,,
S044.txt,2,,19,17,17,,,NUMBER,,
S044.txt,2,,unable,21,21,,,WORD,,
S044.txt,2,,get,23,23,,,WORD,,
S044.txt,2,,done,25,25,,,WORD,,
S044.txt,2,,half,29,29,,,WORD,,
S044.txt,5,,14,5,5,,,NUMBER,,
S044.txt,5,,13,10,10,,,NUMBER,,
S044.txt,5,,1,13,13,,,NUMBER,,
S044.txt,5,,5,18,18,,,NUMBER,,
S044.txt,5,,5,20,20,,,NUMBER,,
S044.txt,5,,40,64,64,,,NUMBER,,
S044.txt,6,,40,38,38,,,NUMBER,,
S044.txt,9,,days,6,6,,,WORD,,
S044.txt,9,,visiting,9,9,,,WORD,,
S044.txt,9,,Miami Heat,11,12,,,NAME,,
S044.txt,10,,Sixers,2,2,,,NAME,,
S044.txt,10,,play,4,4,,,WORD,,
S044.txt,10,,Indiana,6,6,,,NAME,,
S045.txt,1,,defeated,10,10,,,WORD,,
S045.txt,1,,Wednesday,23,23,,,NAME,,
S045.txt,2,,59,18,18,,,NUMBER,,
S045.txt,3,,led,4,4,,,WORD,,
S045.txt,3,,game,13,13,,,WORD,,
S045.txt,3,,high,15,15,,,WORD,,
S045.txt,4,,50,11,11,,,NUMBER,,
S045.txt,4,,38,21,21,,,NUMBER,,
S045.txt,5,,player,8,8,,,WORD,,
S045.txt,5,,score,10,10,,,WORD,,
S045.txt,5,,double digits,12,13,,,WORD,,
S045.txt,5,,bench,46,46,,,WORD,,
S045.txt,6,,look,4,4,,,WORD,,
S045.txt,6,,get back,6,7,,,WORD,,
S045.txt,6,,track,9,9,,,WORD,,
S045.txt,6,,play host,12,13,,,WORD,,
S045.txt,6,,Mavericks,16,16,,,NAME,,
S045.txt,6,,Sunday,18,18,,,NAME,,
S045.txt,7,,led,4,4,,,WORD,,
S045.txt,7,,scored,10,10,,,WORD,,
S045.txt,7,,game,12,12,,,WORD,,
S045.txt,7,,high,14,14,,,WORD,,
S045.txt,9,,20,10,10,,,NUMBER,,
S045.txt,9,,January,34,34,,,NAME,,
S045.txt,10,,row,9,9,,,WORD,,
S045.txt,10,,look,12,12,,,WORD,,
S045.txt,10,,turn things around Friday,14,17,,,NAME,,
S045.txt,10,,home,19,19,,,WORD,,
S045.txt,10,,Dallas Mavericks,22,23,,,NAME,,
S046.txt,1,,Wednesday,17,17,,,NAME,,
S046.txt,2,,came,8,8,,,NOT_CHECKABLE,,
S046.txt,2,,game winners,11,12,,,WORD,,
S046.txt,2,,last,17,17,,,NOT_CHECKABLE,,
S046.txt,2,,games,19,19,,,NOT_CHECKABLE,,
S046.txt,2,,great,25,25,,,WORD,,
S046.txt,4,,27,27,27,,,NUMBER,,
S046.txt,5,,look,4,4,,,WORD,,
S046.txt,5,,get back,6,7,,,WORD,,
S046.txt,5,,track,9,9,,,WORD,,
S046.txt,5,,play host,12,13,,,WORD,,
S046.txt,5,,Monday,18,18,,,NAME,,
S046.txt,8,,look,3,3,,,WORD,,
S046.txt,8,,get back,5,6,,,WORD,,
S046.txt,8,,track,8,8,,,WORD,,
S046.txt,8,,play host,11,12,,,WORD,,
S046.txt,8,,Monday,17,17,,,NAME,,
S047.txt,1,,26,15,15,,,NUMBER,,
S047.txt,1,,107,21,21,,,NUMBER,,
S047.txt,1,,Tuesday,23,23,,,NAME,,
S047.txt,2,,came,3,3,,,NOT_CHECKABLE,,
S047.txt,2,,game riding,6,7,,,WORD,,
S047.txt,2,,game losing streak,11,13,,,WORD,,
S047.txt,2,,get,21,21,,,WORD,,
S047.txt,2,,victory,23,23,,,WORD,,
S047.txt,2,,front,25,25,,,WORD,,
S047.txt,2,,home crowd,28,29,,,WORD,,
S047.txt,5,,27,24,24,,,NUMBER,,
S047.txt,5,,11,27,27,,,NUMBER,,
S047.txt,5,,17,29,29,,,NUMBER,,
S047.txt,5,,5,37,37,,,NUMBER,,
S047.txt,5,,7,39,39,,,NUMBER,,
S047.txt,7,,reach double figures,7,9,,,WORD,,
S047.txt,9,,7,5,5,,,NUMBER,,
S047.txt,9,,24,7,7,,,NUMBER,,
S047.txt,9,,39,9,9,,,NUMBER,,
S047.txt,10,,game,5,5,,,WORD,,
S047.txt,10,,road,10,10,,,WORD,,
S047.txt,10,,Cleveland Cavaliers,13,14,,,NAME,,
S047.txt,10,,Friday,16,16,,,NAME,,
S047.txt,10,,travel,23,23,,,WORD,,
S047.txt,10,,Cleveland,25,25,,,NAME,,
S047.txt,10,,play,27,27,,,WORD,,
S047.txt,10,,Cavaliers,29,29,,,NAME,,
S047.txt,10,,Friday,31,31,,,NAME,,
S048.txt,2,,came,8,8,,,NOT_CHECKABLE,,
S048.txt,2,,contest,13,13,,,NOT_CHECKABLE,,
S048.txt,2,,keep,19,19,,,WORD,,
S048.txt,2,,able,35,35,,,WORD,,
S048.txt,2,,pierce,37,37,,,NOT_CHECKABLE,,
S048.txt,2,,armor Wednesday,41,42,,,NAME,,
S048.txt,2,,touching,44,44,,,NOT_CHECKABLE,,
S048.txt,2,,Gregg Popovich,46,47,,,NAME,,
S048.txt,2,,crew,49,49,,,NOT_CHECKABLE,,
S048.txt,2,,season,52,52,,,NOT_CHECKABLE,,
S048.txt,2,,high,54,54,,,WORD,,
S048.txt,4,,rounded,14,14,,,WORD,,
S048.txt,4,,starting,17,17,,,WORD,,
S048.txt,4,,strong night,20,21,,,WORD,,
S048.txt,4,,point,30,30,,,WORD,,
S048.txt,4,,rebound double,34,35,,,WORD,,
S048.txt,4,,double,37,37,,,WORD,,
S048.txt,5,,led,3,3,,,CONTEXT,,
S048.txt,5,,unit,6,6,,,CONTEXT,,
S048.txt,5,,points,9,9,,,CONTEXT,,
S048.txt,8,,point,7,7,,,WORD,,
S048.txt,8,,rebound double,11,12,,,WORD,,
S048.txt,8,,double,14,14,,,WORD,,
S048.txt,8,,also,16,16,,,WORD,,
S048.txt,8,,block,19,19,,,WORD,,
S048.txt,9,,led,3,3,,,WORD,,
S048.txt,9,,bench,5,5,,,WORD,,
S048.txt,9,,block,14,14,,,WORD,,
S048.txt,10,,21,7,7,,,NUMBER,,
S048.txt,11,,rebound,13,13,,,WORD,,
S048.txt,12,,led,3,3,,,WORD,,
S048.txt,12,,unit,6,6,,,CONTEXT,,
S048.txt,12,,points,9,9,,,CONTEXT,,
S048.txt,12,,rebounds,12,12,,,CONTEXT,,
S048.txt,12,,block,15,15,,,WORD,,
S048.txt,13,,head back home,3,5,,,WORD,,
S048.txt,13,,tangle,7,7,,,WORD,,
S048.txt,13,,Golden State Warriors,10,12,,,NAME,,
S048.txt,13,,Friday night,14,15,,,WORD,,
S048.txt,13,,home,21,21,,,WORD,,
S048.txt,13,,face,23,23,,,WORD,,
S048.txt,13,,San Antonio Spurs,25,27,,,NAME,,
S048.txt,13,,evening,30,30,,,WORD,,
S049.txt,1,,Friday,18,18,,,NAME,,
S049.txt,2,,Wednesday,11,11,,,NAME,,
S049.txt,3,,However,1,1,,,NAME,,
S049.txt,3,,20,6,6,,,NUMBER,,
S049.txt,3,,27,28,28,,,NUMBER,,
S049.txt,4,,However,1,1,,,NAME,,
S049.txt,4,,regrouped,10,10,,,WORD,,
S049.txt,4,,halftime,12,12,,,WORD,,
S049.txt,4,,turned,14,14,,,WORD,,
S049.txt,4,,quarter,20,20,,,WORD,,
S049.txt,4,,outscoring,22,22,,,WORD,,
S049.txt,4,,margin,30,30,,,WORD,,
S049.txt,4,,final,33,33,,,WORD,,
S049.txt,4,,victory,39,39,,,WORD,,
S049.txt,6,,23,5,5,,,NUMBER,,
S049.txt,6,,point,7,7,,,WORD,,
S049.txt,6,,rebound double,11,12,,,WORD,,
S049.txt,6,,double,14,14,,,WORD,,
S049.txt,6,,also,16,16,,,WORD,,
S049.txt,6,,block,25,25,,,WORD,,
S049.txt,10,,led,3,3,,,CONTEXT,,
S049.txt,10,,unit,6,6,,,CONTEXT,,
S049.txt,10,,points,9,9,,,CONTEXT,,
S049.txt,10,,rebounds,12,12,,,CONTEXT,,
S049.txt,11,,41,9,9,,,NUMBER,,
S049.txt,15,,led,3,3,,,CONTEXT,,
S049.txt,15,,unit,6,6,,,CONTEXT,,
S049.txt,15,,points,9,9,,,CONTEXT,,
S049.txt,15,,rebounds,12,12,,,CONTEXT,,
S049.txt,16,,head back home,3,5,,,WORD,,
S049.txt,16,,tangle,7,7,,,WORD,,
S049.txt,16,,Milwaukee Bucks,10,11,,,NAME,,
S049.txt,16,,Friday evening,13,14,,,WORD,,
S049.txt,16,,remain home,19,20,,,WORD,,
S049.txt,16,,tangle,22,22,,,WORD,,
S049.txt,16,,New York Knicks,25,27,,,NAME,,
S049.txt,16,,evening,30,30,,,WORD,,
S050.txt,1,,Wednesday,22,22,,,NAME,,
S050.txt,4,,13,5,5,,,NUMBER,,
S050.txt,4,,4,8,8,,,NUMBER,,
S050.txt,5,,also,3,3,,,WORD,,
S050.txt,5,,double,6,6,,,WORD,,
S050.txt,5,,double,8,8,,,WORD,,
S050.txt,5,,finishing,13,13,,,WORD,,
S050.txt,6,,50,17,17,,,NUMBER,,
S050.txt,6,,13,20,20,,,NUMBER,,
S050.txt,7,,Coming,1,1,,,NAME,,
S050.txt,7,,bench,4,4,,,WORD,,
S050.txt,8,,game,5,5,,,WORD,,
S050.txt,8,,home,9,9,,,WORD,,
S050.txt,8,,New York Knicks,12,14,,,NAME,,
S050.txt,8,,Wednesday,16,16,,,NAME,,
S050.txt,8,,travel,22,22,,,WORD,,
S050.txt,8,,Charlotte,24,24,,,NAME,,
S050.txt,8,,play,26,26,,,WORD,,
S050.txt,8,,Hornets,28,28,,,NAME,,
S050.txt,8,,half,34,34,,,WORD,,
S050.txt,8,,back,37,37,,,WORD,,
S050.txt,8,,back,41,41,,,WORD,,
S051.txt,1,,defeated,4,4,,,WORD,,
S051.txt,1,,host,6,6,,,WORD,,
S051.txt,1,,Friday evening,18,19,,,WORD,,
S051.txt,2,,came,8,8,,,NOT_CHECKABLE,,
S051.txt,2,,game,11,11,,,WORD,,
S051.txt,2,,hottest teams,16,17,,,WORD,,
S051.txt,2,,able,31,31,,,WORD,,
S051.txt,2,,keep,33,33,,,WORD,,
S051.txt,2,,game close throughout,35,37,,,WORD,,
S051.txt,3,,32,4,4,,,NUMBER,,
S051.txt,3,,knee,13,13,,,WORD,,
S051.txt,3,,half,18,18,,,WORD,,
S051.txt,3,,back,21,21,,,WORD,,
S051.txt,3,,back set,25,26,,,WORD,,
S051.txt,3,,able,32,32,,,WORD,,
S051.txt,3,,pull away,34,35,,,WORD,,
S051.txt,3,,final minute,38,39,,,WORD,,
S051.txt,3,,quarter,43,43,,,WORD,,
S051.txt,4,,12,7,7,,,NUMBER,,
S051.txt,4,,2,16,16,,,NUMBER,,
S051.txt,4,,10,20,20,,,NUMBER,,
S051.txt,5,,high,5,5,,,WORD,,
S051.txt,5,,point man,7,8,,,WORD,,
S051.txt,7,,led,3,3,,,WORD,,
S051.txt,9,,chipped,3,3,,,CONTEXT,,
S051.txt,9,,points,6,6,,,CONTEXT,,
S051.txt,9,,rebounds,9,9,,,CONTEXT,,
S051.txt,9,,added,14,14,,,CONTEXT,,
S051.txt,9,,points,16,16,,,CONTEXT,,
S051.txt,9,,shooting,23,23,,,CONTEXT,,
S051.txt,9,,minutes,27,27,,,CONTEXT,,
S052.txt,1,,Staples,25,25,,,NAME,,
S052.txt,2,,44,12,12,,,NUMBER,,
S052.txt,2,,23,18,18,,,NUMBER,,
S052.txt,4,,46,5,5,,,NUMBER,,
S052.txt,6,,averaging 16,4,5,,,NUMBER,,
S052.txt,6,,7,8,8,,,NUMBER,,
S052.txt,6,,year,12,12,,,NOT_CHECKABLE,,
S052.txt,8,,48,17,17,,,NUMBER,,
S052.txt,8,,14,20,20,,,NUMBER,,
S052.txt,9,,game,5,5,,,WORD,,
S052.txt,9,,road,10,10,,,WORD,,
S052.txt,9,,Lakers,15,15,,,NAME,,
S052.txt,9,,travel,23,23,,,WORD,,
S052.txt,9,,play,28,28,,,WORD,,
S052.txt,9,,Lakers,30,30,,,NAME,,
S052.txt,9,,Friday,32,32,,,NAME,,
S052.txt,9,,travel,38,38,,,WORD,,
S052.txt,9,,play,43,43,,,WORD,,
S052.txt,9,,Lakers,45,45,,,NAME,,
S052.txt,9,,Friday,47,47,,,NAME,,
S053.txt,1,,Wednesday,22,22,,,NAME,,
S053.txt,1,,Arena,27,27,,,NAME,,
S053.txt,5,,10,3,3,,,NUMBER,,
S053.txt,5,,21,7,7,,,NUMBER,,
S053.txt,5,,0,12,12,,,NUMBER,,
S053.txt,5,,0,16,16,,,NUMBER,,
S053.txt,5,,28,25,25,,,NUMBER,,
S053.txt,5,,12,31,31,,,NUMBER,,
S053.txt,6,,46,17,17,,,NUMBER,,
S053.txt,6,,20,20,20,,,NUMBER,,
S053.txt,7,,player,8,8,,,WORD,,
S053.txt,7,,double figures,10,11,,,WORD,,
S053.txt,8,,player,4,4,,,WORD,,
S053.txt,8,,reach double figures,6,8,,,WORD,,
S053.txt,9,,game,5,5,,,WORD,,
S053.txt,9,,road,10,10,,,WORD,,
S053.txt,9,,Detroit Pistons,13,14,,,NAME,,
S053.txt,9,,Wednesday,16,16,,,NAME,,
S053.txt,9,,travel,22,22,,,WORD,,
S053.txt,9,,Indiana,24,24,,,NAME,,
S053.txt,9,,play,26,26,,,WORD,,
S053.txt,9,,Pacers,28,28,,,NAME,,
S054.txt,1,,Monday,17,17,,,NAME,,
S054.txt,2,,mocked,10,10,,,NOT_CHECKABLE,,
S054.txt,2,,time,13,13,,,NOT_CHECKABLE,,
S054.txt,2,,Trust,17,17,,,NAME,,
S054.txt,2,,Process,19,19,,,NAME,,
S054.txt,2,,slogan,21,21,,,NOT_CHECKABLE,,
S054.txt,2,,become associated,24,25,,,NOT_CHECKABLE,,
S054.txt,2,,win,28,28,,,NOT_CHECKABLE,,
S054.txt,2,,past,31,31,,,NOT_CHECKABLE,,
S054.txt,2,,games,33,33,,,NOT_CHECKABLE,,
S054.txt,3,,However,1,1,,,NAME,,
S054.txt,3,,able,11,11,,,WORD,,
S054.txt,3,,pierce,13,13,,,NOT_CHECKABLE,,
S054.txt,3,,armor,16,16,,,NOT_CHECKABLE,,
S054.txt,3,,touching,19,19,,,NOT_CHECKABLE,,
S054.txt,3,,Gregg Popovich,21,22,,,NAME,,
S054.txt,3,,crew,24,24,,,NOT_CHECKABLE,,
S054.txt,3,,season,27,27,,,NOT_CHECKABLE,,
S054.txt,3,,high,29,29,,,WORD,,
S054.txt,4,,led,3,3,,,WORD,,
S054.txt,4,,game,11,11,,,WORD,,
S054.txt,4,,high,13,13,,,WORD,,
S054.txt,4,,supplemented,19,19,,,WORD,,
S054.txt,7,,productive,4,4,,,WORD,,
S054.txt,7,,reserve role,7,8,,,WORD,,
S054.txt,8,,Hilario led,2,3,,,WORD,,
S054.txt,8,,assist,15,15,,,WORD,,
S054.txt,8,,blocks,21,21,,,WORD,,
S054.txt,10,,III,3,3,,,NAME,,
S054.txt,13,,led,3,3,,,CONTEXT,,
S054.txt,13,,unit,6,6,,,CONTEXT,,
S054.txt,13,,points,9,9,,,CONTEXT,,
S054.txt,13,,rebounds,12,12,,,CONTEXT,,
S054.txt,13,,assists,15,15,,,CONTEXT,,
S054.txt,13,,steal,18,18,,,CONTEXT,,
S054.txt,14,,Hilario led,2,3,,,WORD,,
S054.txt,14,,assist,15,15,,,WORD,,
S054.txt,14,,blocks,18,18,,,WORD,,
S054.txt,15,,Hilario led,2,3,,,WORD,,
S054.txt,15,,bench,5,5,,,WORD,,
S054.txt,15,,assist,14,14,,,WORD,,
S054.txt,15,,block,20,20,,,WORD,,
S054.txt,16,,Hilario led,2,3,,,WORD,,
S054.txt,16,,bench,5,5,,,WORD,,
S054.txt,16,,assist,14,14,,,WORD,,
S054.txt,16,,blocks,20,20,,,WORD,,
S054.txt,17,,Hilario registered,2,3,,,WORD,,
S054.txt,17,,assist,11,11,,,WORD,,
S054.txt,17,,blocks,17,17,,,WORD,,
S054.txt,17,,Hilario led,21,22,,,WORD,,
S054.txt,17,,bench,24,24,,,WORD,,
S054.txt,17,,assist,33,33,,,WORD,,
S054.txt,17,,blocks,39,39,,,WORD,,
S054.txt,18,,Hilario led,2,3,,,WORD,,
S054.txt,18,,bench,5,5,,,WORD,,
S054.txt,18,,assist,14,14,,,WORD,,
S054.txt,18,,blocks,20,20,,,WORD,,
S054.txt,18,,bench,27,27,,,WORD,,
S054.txt,20,,III,3,3,,,NAME,,
S054.txt,22,,led,3,3,,,CONTEXT,,
S054.txt,22,,unit,6,6,,,CONTEXT,,
S054.txt,22,,points,9,9,,,CONTEXT,,
S054.txt,22,,rebounds,12,12,,,CONTEXT,,
S054.txt,22,,assists,15,15,,,CONTEXT,,
S054.txt,22,,steal,18,18,,,CONTEXT,,
S055.txt,1,,defeated,5,5,,,WORD,,
S055.txt,1,,host,7,7,,,WORD,,
S055.txt,1,,Staples,16,16,,,NAME,,
S055.txt,2,,came,8,8,,,NOT_CHECKABLE,,
S055.txt,2,,game,11,11,,,WORD,,
S055.txt,2,,favorite,15,15,,,NOT_CHECKABLE,,
S055.txt,2,,left,18,18,,,WORD,,
S055.txt,2,,Friday,23,23,,,NAME,,
S055.txt,4,,19,3,3,,,NUMBER,,
S055.txt,4,,43,16,16,,,NUMBER,,
S055.txt,8,,31,8,8,,,NUMBER,,
S055.txt,9,,26,20,20,,,NUMBER,,
S056.txt,2,,came,8,8,,,NOT_CHECKABLE,,
S056.txt,2,,game looking,12,13,,,WORD,,
S056.txt,2,,keep pace,15,16,,,WORD,,
S056.txt,2,,red,19,19,,,WORD,,
S056.txt,2,,hot,21,21,,,WORD,,
S056.txt,2,,coming,31,31,,,WORD,,
S056.txt,2,,win,35,35,,,NOT_CHECKABLE,,
S056.txt,2,,defending champion Cleveland Cavaliers,38,41,,,NAME,,
S056.txt,2,,round,50,50,,,WORD,,
S056.txt,2,,playoffs,53,53,,,WORD,,
S056.txt,3,,18,15,15,,,NUMBER,,
S056.txt,6,,28,48,48,,,NUMBER,,
S056.txt,10,,16,5,5,,,NUMBER,,
S057.txt,1,,76ers,3,3,,,WORD,,
S057.txt,1,,9,5,5,,,NUMBER,,
S057.txt,1,,63,7,7,,,NUMBER,,
S057.txt,1,,defeated,9,9,,,WORD,,
S057.txt,1,,103,18,18,,,NUMBER,,
S057.txt,2,,39,12,12,,,NUMBER,,
S057.txt,2,,41,18,18,,,NUMBER,,
S057.txt,3,,Sixers,2,2,,,NAME,,
S057.txt,3,,also able,4,5,,,WORD,,
S057.txt,3,,force,7,7,,,WORD,,
S057.txt,3,,76ers,9,9,,,WORD,,
S057.txt,3,,16 turnovers,11,12,,,WORD,,
S057.txt,3,,committing,15,15,,,WORD,,
S057.txt,3,,may,23,23,,,WORD,,
S057.txt,3,,difference,27,27,,,WORD,,
S057.txt,5,,double,5,5,,,WORD,,
S057.txt,5,,double,7,7,,,WORD,,
S057.txt,5,,row,10,10,,,WORD,,
S057.txt,5,,stretch,13,13,,,WORD,,
S057.txt,5,,averaging 29,17,18,,,NUMBER,,
S057.txt,5,,23,21,21,,,NUMBER,,
S057.txt,6,,Notching,1,1,,,NAME,,
S057.txt,6,,double,3,3,,,WORD,,
S057.txt,6,,double,5,5,,,WORD,,
S057.txt,6,,18,13,13,,,NUMBER,,
S057.txt,6,,5,16,16,,,NUMBER,,
S057.txt,6,,6,18,18,,,NUMBER,,
S057.txt,6,,0,21,21,,,NUMBER,,
S057.txt,6,,0,23,23,,,NUMBER,,
S057.txt,6,,8,26,26,,,NUMBER,,
S057.txt,6,,12,28,28,,,NUMBER,,
S057.txt,7,,35,17,17,,,NUMBER,,
S057.txt,7,,16,20,20,,,NUMBER,,
S057.txt,8,,starter,4,4,,,WORD,,
S057.txt,8,,reach double figures,6,8,,,WORD,,
S057.txt,9,,Sixers,2,2,,,NAME,,
S057.txt,9,,game,5,5,,,WORD,,
S057.txt,9,,home,9,9,,,WORD,,
S057.txt,9,,New Orleans Pelicans,12,14,,,NAME,,
S057.txt,9,,travel,22,22,,,WORD,,
S057.txt,9,,Utah,24,24,,,NAME,,
S057.txt,9,,play,26,26,,,WORD,,
S057.txt,9,,Jazz,28,28,,,NAME,,
S058.txt,1,,defeated,9,9,,,WORD,,
S058.txt,1,,76ers,12,12,,,WORD,,
S058.txt,1,,8,14,14,,,NUMBER,,
S058.txt,1,,36,16,16,,,NUMBER,,
S058.txt,1,,83,20,20,,,NUMBER,,
S058.txt,1,,Friday,22,22,,,NAME,,
S058.txt,2,,battle,3,3,,,NOT_CHECKABLE,,
S058.txt,2,,bad defenses,6,7,,,WORD,,
S058.txt,2,,offenses really struggled,10,12,,,WORD,,
S058.txt,3,,Especially,1,1,,,NAME,,
S058.txt,3,,47,7,7,,,NUMBER,,
S058.txt,3,,55,14,14,,,NUMBER,,
S058.txt,4,,key,2,2,,,WORD,,
S058.txt,4,,47,13,13,,,NUMBER,,
S058.txt,4,,76ers 48,17,18,,,NUMBER,,
S058.txt,5,,better,5,5,,,WORD,,
S058.txt,5,,best games,14,15,,,NOT_CHECKABLE,,
S058.txt,5,,season,18,18,,,NOT_CHECKABLE,,
S058.txt,7,,starter,7,7,,,WORD,,
S058.txt,7,,double figures,9,10,,,WORD,,
S058.txt,7,,accumulated,14,14,,,WORD,,
S058.txt,7,,rebound,19,19,,,WORD,,
S058.txt,7,,assist,22,22,,,WORD,,
S058.txt,8,,13,14,14,,,NUMBER,,
S058.txt,9,,look,3,3,,,WORD,,
S058.txt,9,,build,5,5,,,WORD,,
S058.txt,9,,win,8,8,,,NOT_CHECKABLE,,
S058.txt,9,,take,11,11,,,WORD,,
S058.txt,9,,San Antonio Spurs,14,16,,,NAME,,
S058.txt,10,,8,4,4,,,NUMBER,,
S058.txt,10,,36,6,6,,,NUMBER,,
S058.txt,10,,lost,10,10,,,NOT_CHECKABLE,,
S058.txt,10,,straight games,13,14,,,NOT_CHECKABLE,,
S058.txt,10,,season,20,20,,,NOT_CHECKABLE,,
S058.txt,10,,high,22,22,,,WORD,,
S058.txt,12,,recorded,3,3,,,WORD,,
S058.txt,12,,double,5,5,,,WORD,,
S058.txt,12,,double,7,7,,,WORD,,
S058.txt,12,,bench,10,10,,,WORD,,
S058.txt,12,,totaling,12,12,,,WORD,,
S058.txt,14,,starter,7,7,,,WORD,,
S058.txt,14,,double figures,9,10,,,WORD,,
S058.txt,14,,collected,14,14,,,WORD,,
S058.txt,15,,starter,7,7,,,WORD,,
S058.txt,15,,double figures,9,10,,,WORD,,
S058.txt,15,,16,15,15,,,NUMBER,,
S058.txt,16,,recorded,3,3,,,WORD,,
S058.txt,16,,double,5,5,,,WORD,,
S058.txt,16,,double,7,7,,,WORD,,
S058.txt,16,,totaling,9,9,,,WORD,,
S058.txt,16,,blocks,23,23,,,WORD,,
S058.txt,17,,deck,2,2,,,WORD,,
S058.txt,17,,home matchup,7,8,,,WORD,,
S058.txt,17,,Los Angeles Lakers,11,13,,,NAME,,
S058.txt,17,,Sunday,15,15,,,NAME,,
S059.txt,1,,Saturday,18,18,,,NAME,,
S059.txt,2,,expected,4,4,,,NOT_CHECKABLE,,
S059.txt,2,,win,6,6,,,NOT_CHECKABLE,,
S059.txt,2,,game easily,8,9,,,NOT_CHECKABLE,,
S059.txt,2,,took,13,13,,,NOT_CHECKABLE,,
S059.txt,2,,half,17,17,,,WORD,,
S059.txt,2,,win,22,22,,,NOT_CHECKABLE,,
S059.txt,3,,fact,2,2,,,WORD,,
S059.txt,3,,led,6,6,,,WORD,,
S059.txt,3,,entirety,9,9,,,WORD,,
S059.txt,3,,half,13,13,,,WORD,,
S059.txt,3,,held,17,17,,,WORD,,
S059.txt,3,,double,19,19,,,WORD,,
S059.txt,3,,lead,22,22,,,WORD,,
S059.txt,3,,final 30,25,26,,,NUMBER,,
S059.txt,4,,Defense,1,1,,,NAME,,
S059.txt,5,,Rebounding,1,1,,,NAME,,
S059.txt,8,,recorded,3,3,,,WORD,,
S059.txt,8,,double,5,5,,,WORD,,
S059.txt,8,,double,7,7,,,WORD,,
S059.txt,8,,totaling,9,9,,,WORD,,
S059.txt,11,,starter,7,7,,,WORD,,
S059.txt,11,,double figures,9,10,,,WORD,,
S059.txt,11,,accrued,14,14,,,WORD,,
S059.txt,12,,25,13,13,,,NUMBER,,
S059.txt,13,,player,8,8,,,WORD,,
S059.txt,13,,double figures,10,11,,,WORD,,
S059.txt,13,,totaled,15,15,,,WORD,,
S060.txt,1,,Phillips,15,15,,,NAME,,
S060.txt,1,,Saturday,18,18,,,NAME,,
S060.txt,3,,19,20,20,,,NUMBER,,
S060.txt,5,,led,3,3,,,CONTEXT,,
S060.txt,5,,unit,6,6,,,CONTEXT,,
S060.txt,5,,points,9,9,,,CONTEXT,,
S060.txt,5,,rebounds,12,12,,,CONTEXT,,
S060.txt,5,,assists,15,15,,,CONTEXT,,
S060.txt,5,,steal,18,18,,,CONTEXT,,
S060.txt,7,,point,9,9,,,WORD,,
S060.txt,7,,assist double,13,14,,,WORD,,
S060.txt,7,,double,16,16,,,WORD,,
S060.txt,7,,also,18,18,,,WORD,,
